location,truth_date,year_week,value,source
BE,2024-01-07,2024-W01,1202.50231696015,ERVISS
BE,2023-12-31,2023-W52,1480.52784036048,ERVISS
BE,2023-12-24,2023-W51,1786.03807796917,ERVISS
BE,2023-12-17,2023-W50,1668.54418703368,ERVISS
BE,2023-12-10,2023-W49,1742.48163641754,ERVISS
BE,2023-12-03,2023-W48,1535.90701535907,ERVISS
BE,2023-11-26,2023-W47,1362.50402480977,ERVISS
BE,2023-11-19,2023-W46,1222.08256792033,ERVISS
BE,2023-11-12,2023-W45,1569.31598095824,ERVISS
BE,2023-11-05,2023-W44,1011.83405921429,ERVISS
BE,2023-10-29,2023-W43,1104.30679650637,ERVISS
BE,2023-10-22,2023-W42,1298.32078961343,ERVISS
BE,2023-10-15,2023-W41,1235.06560140731,ERVISS
BE,2023-10-08,2023-W40,1286.16164628691,ERVISS
BE,2023-10-01,2023-W39,1240.52754299038,ERVISS
BE,2023-09-24,2023-W38,976.863753213368,ERVISS
BE,2023-09-17,2023-W37,783.8475023676631,ERVISS
BE,2023-09-10,2023-W36,827.836557616539,ERVISS
BE,2023-09-03,2023-W35,663.091737300352,ERVISS
BE,2023-08-27,2023-W34,546.957103276966,ERVISS
BE,2023-08-20,2023-W33,472.370296089091,ERVISS
BE,2023-08-13,2023-W32,476.16824611362694,ERVISS
BE,2023-08-06,2023-W31,501.221464072108,ERVISS
BE,2023-07-30,2023-W30,509.034699642876,ERVISS
BE,2023-07-23,2023-W29,449.432560008034,ERVISS
BE,2023-07-16,2023-W28,561.538106022092,ERVISS
BE,2023-07-09,2023-W27,525.397911653679,ERVISS
BE,2023-07-02,2023-W26,577.563362098254,ERVISS
BE,2023-06-25,2023-W25,525.567059195448,ERVISS
BE,2023-06-18,2023-W24,522.478987258121,ERVISS
BE,2023-06-11,2023-W23,712.744807749249,ERVISS
BE,2023-06-04,2023-W22,606.395796709266,ERVISS
BE,2023-05-28,2023-W21,925.96571133932,ERVISS
BE,2023-05-21,2023-W20,716.308109285386,ERVISS
BE,2023-05-14,2023-W19,854.922760232183,ERVISS
BE,2023-05-07,2023-W18,697.807193757798,ERVISS
BE,2023-04-30,2023-W17,769.459046973037,ERVISS
BE,2023-04-23,2023-W16,967.686193191636,ERVISS
BE,2023-04-16,2023-W15,715.468698244452,ERVISS
BE,2023-04-09,2023-W14,782.245267416132,ERVISS
BE,2023-04-02,2023-W13,1101.78481695855,ERVISS
BE,2023-03-26,2023-W12,1264.77979648169,ERVISS
BE,2023-03-19,2023-W11,1747.26325858221,ERVISS
BE,2023-03-12,2023-W10,1526.46963299773,ERVISS
BE,2023-03-05,2023-W09,1671.07307917415,ERVISS
BE,2023-02-26,2023-W08,1279.58518022915,ERVISS
BE,2023-02-19,2023-W07,1579.91835452975,ERVISS
BE,2023-02-12,2023-W06,1498.68116057869,ERVISS
BE,2023-02-05,2023-W05,1452.59511704564,ERVISS
BE,2023-01-29,2023-W04,1424.27404997237,ERVISS
BE,2023-01-22,2023-W03,1284.68454503178,ERVISS
BE,2023-01-15,2023-W02,1430.47761076881,ERVISS
BE,2023-01-08,2023-W01,1509.6472107855,ERVISS
BE,2023-01-01,2022-W52,2136.21826903858,ERVISS
BE,2022-12-25,2022-W51,2189.93125591734,ERVISS
BE,2022-12-18,2022-W50,2184.55596949424,ERVISS
BE,2022-12-11,2022-W49,2269.17997358626,ERVISS
BE,2022-12-04,2022-W48,1857.80082826954,ERVISS
BE,2022-11-27,2022-W47,1822.39442378458,ERVISS
BE,2022-11-20,2022-W46,1235.23849759591,ERVISS
BE,2022-11-13,2022-W45,998.832010954932,ERVISS
BE,2022-11-06,2022-W44,865.1164833234532,ERVISS
BE,2022-10-30,2022-W43,1036.52730892409,ERVISS
BE,2022-10-23,2022-W42,1251.18355200866,ERVISS
BE,2022-10-16,2022-W41,1276.61085563111,ERVISS
BE,2022-10-09,2022-W40,1186.22401022672,ERVISS
BE,2022-10-02,2022-W39,1194.51855445064,ERVISS
BE,2022-09-25,2022-W38,1301.45278450363,ERVISS
BE,2022-09-18,2022-W37,996.120965615938,ERVISS
BE,2022-09-11,2022-W36,439.620204400734,ERVISS
BE,2022-09-04,2022-W35,520.68674359696,ERVISS
BE,2022-08-28,2022-W34,414.12433531819,ERVISS
BE,2022-08-21,2022-W33,370.097827027963,ERVISS
BE,2022-08-14,2022-W32,397.751378871447,ERVISS
BE,2022-08-07,2022-W31,384.092931753244,ERVISS
BE,2022-07-31,2022-W30,554.288321167883,ERVISS
BE,2022-07-24,2022-W29,447.9882790488,ERVISS
BE,2022-07-17,2022-W28,902.7761536122741,ERVISS
BE,2022-07-10,2022-W27,984.063398066707,ERVISS
BE,2022-07-03,2022-W26,868.833491111812,ERVISS
BE,2022-06-26,2022-W25,841.343711260593,ERVISS
BG,2024-01-07,2024-W01,1178.5482790064,ERVISS
BG,2023-12-31,2023-W52,498.22161798431694,ERVISS
BG,2023-12-24,2023-W51,1033.24681745149,ERVISS
BG,2023-12-17,2023-W50,1212.87026737527,ERVISS
BG,2023-12-10,2023-W49,1029.95097433362,ERVISS
BG,2023-12-03,2023-W48,996.756456449096,ERVISS
BG,2023-11-26,2023-W47,1011.82383718535,ERVISS
BG,2023-11-19,2023-W46,874.094178016339,ERVISS
BG,2023-11-12,2023-W45,852.392908354714,ERVISS
BG,2023-11-05,2023-W44,748.07903402854,ERVISS
BG,2023-10-29,2023-W43,581.425001275055,ERVISS
BG,2023-10-22,2023-W42,625.549197368139,ERVISS
BG,2023-10-15,2023-W41,632.246726247884,ERVISS
BG,2023-10-08,2023-W40,512.850997600571,ERVISS
BG,2023-10-01,2023-W39,429.445551769219,ERVISS
BG,2023-09-24,2023-W38,310.497438864956,ERVISS
BG,2023-09-17,2023-W37,252.898690499153,ERVISS
BG,2023-09-10,2023-W36,219.94684841081,ERVISS
BG,2023-09-03,2023-W35,215.660429927774,ERVISS
BG,2023-08-27,2023-W34,210.570307979168,ERVISS
BG,2023-08-20,2023-W33,204.408581409803,ERVISS
BG,2023-08-13,2023-W32,197.175250219679,ERVISS
BG,2023-08-06,2023-W31,187.52296751043,ERVISS
BG,2023-07-30,2023-W30,169.045628924752,ERVISS
BG,2023-07-23,2023-W29,191.549325960694,ERVISS
BG,2023-07-16,2023-W28,208.15919758246,ERVISS
BG,2023-07-09,2023-W27,234.413510791059,ERVISS
BG,2023-07-02,2023-W26,274.866585224715,ERVISS
BG,2023-06-25,2023-W25,293.619666088,ERVISS
BG,2023-06-18,2023-W24,311.569043485715,ERVISS
BG,2023-06-11,2023-W23,376.936925352022,ERVISS
BG,2023-06-04,2023-W22,349.343106367475,ERVISS
BG,2023-05-28,2023-W21,368.096187230759,ERVISS
BG,2023-05-21,2023-W20,437.88809708292894,ERVISS
BG,2023-05-14,2023-W19,421.676418268716,ERVISS
BG,2023-05-07,2023-W18,461.057888081613,ERVISS
BG,2023-04-30,2023-W17,509.815898326154,ERVISS
BG,2023-04-23,2023-W16,498.296148652993,ERVISS
BG,2023-04-16,2023-W15,463.201097323132,ERVISS
BG,2023-04-09,2023-W14,642.426970145095,ERVISS
BG,2023-04-02,2023-W13,934.521814891763,ERVISS
BG,2023-03-26,2023-W12,1005.56262985055,ERVISS
BG,2023-03-19,2023-W11,1044.43401916762,ERVISS
BG,2023-03-12,2023-W10,1101.53474968166,ERVISS
BG,2023-03-05,2023-W09,969.908183097648,ERVISS
BG,2023-02-19,2023-W07,1288.11741840359,ERVISS
BG,2023-02-12,2023-W06,1309.02754507071,ERVISS
BG,2023-02-05,2023-W05,1324.03994370351,ERVISS
BG,2023-01-29,2023-W04,1634.20682259902,ERVISS
BG,2023-01-22,2023-W03,1994.50438978621,ERVISS
BG,2023-01-15,2023-W02,1870.3840225186,ERVISS
BG,2023-01-08,2023-W01,1244.42061524027,ERVISS
BG,2023-01-01,2022-W52,533.208230011393,ERVISS
BG,2022-12-25,2022-W51,954.0915488238052,ERVISS
BG,2022-12-18,2022-W50,1209.3023255814,ERVISS
BG,2022-12-11,2022-W49,1170.96709335835,ERVISS
BG,2022-12-04,2022-W48,1172.57556464044,ERVISS
BG,2022-11-27,2022-W47,1187.05180617921,ERVISS
BG,2022-11-20,2022-W46,1118.15561959654,ERVISS
BG,2022-11-13,2022-W45,988.5116023432581,ERVISS
BG,2022-11-06,2022-W44,794.63540886826,ERVISS
BG,2022-10-30,2022-W43,511.29673386491294,ERVISS
BG,2022-10-23,2022-W42,592.429858043375,ERVISS
BG,2022-10-16,2022-W41,580.57599249782,ERVISS
BG,2022-10-09,2022-W40,540.45588356308,ERVISS
BG,2022-10-02,2022-W39,495.238496433809,ERVISS
BG,2022-09-25,2022-W38,298.828119857721,ERVISS
BG,2022-09-18,2022-W37,344.113086038803,ERVISS
BG,2022-09-11,2022-W36,268.813665528399,ERVISS
BG,2022-09-04,2022-W35,272.277427314291,ERVISS
BG,2022-08-28,2022-W34,269.656128777373,ERVISS
BG,2022-08-21,2022-W33,286.717024251153,ERVISS
BG,2022-08-14,2022-W32,298.038265796423,ERVISS
BG,2022-08-07,2022-W31,315.415055144978,ERVISS
BG,2022-07-31,2022-W30,328.579289499943,ERVISS
BG,2022-07-24,2022-W29,300.87930100432,ERVISS
BG,2022-07-17,2022-W28,295.959375681485,ERVISS
BG,2022-07-10,2022-W27,327.789435438645,ERVISS
BG,2022-07-03,2022-W26,285.663885502755,ERVISS
BG,2022-06-26,2022-W25,288.823301747947,ERVISS
CZ,2024-01-07,2024-W01,1072.83656834366,ERVISS
CZ,2023-12-31,2023-W52,752.212055922416,ERVISS
CZ,2023-12-24,2023-W51,1332.29529112875,ERVISS
CZ,2023-12-17,2023-W50,1427.10157790152,ERVISS
CZ,2023-12-10,2023-W49,1316.92675685767,ERVISS
CZ,2023-12-03,2023-W48,1269.89179883244,ERVISS
CZ,2023-11-26,2023-W47,1134.65269807927,ERVISS
CZ,2023-11-19,2023-W46,978.2710703038301,ERVISS
CZ,2023-11-12,2023-W45,1016.40386772629,ERVISS
CZ,2023-11-05,2023-W44,973.260583069552,ERVISS
CZ,2023-10-29,2023-W43,908.3256841002809,ERVISS
CZ,2023-10-22,2023-W42,904.529880328166,ERVISS
CZ,2023-10-15,2023-W41,819.0068724370499,ERVISS
CZ,2023-10-08,2023-W40,747.061013630616,ERVISS
CZ,2023-10-01,2023-W39,558.412641141538,ERVISS
CZ,2023-09-24,2023-W38,653.447396395471,ERVISS
CZ,2023-09-17,2023-W37,524.996167250331,ERVISS
CZ,2023-09-10,2023-W36,380.962308668268,ERVISS
CZ,2023-09-03,2023-W35,345.553888690285,ERVISS
CZ,2023-08-27,2023-W34,315.209464785189,ERVISS
CZ,2023-08-20,2023-W33,311.629515822874,ERVISS
CZ,2023-08-13,2023-W32,330.803768754246,ERVISS
CZ,2023-08-06,2023-W31,331.375315300677,ERVISS
CZ,2023-07-30,2023-W30,360.46878641192,ERVISS
CZ,2023-07-23,2023-W29,373.91394277677693,ERVISS
CZ,2023-07-16,2023-W28,402.511494799419,ERVISS
CZ,2023-07-09,2023-W27,320.632062493734,ERVISS
CZ,2023-07-02,2023-W26,565.624685593979,ERVISS
CZ,2023-06-25,2023-W25,605.374413857226,ERVISS
CZ,2023-06-18,2023-W24,662.211373805941,ERVISS
CZ,2023-06-11,2023-W23,679.328741783658,ERVISS
CZ,2023-06-04,2023-W22,690.662597079514,ERVISS
CZ,2023-05-28,2023-W21,701.727273637864,ERVISS
CZ,2023-05-21,2023-W20,751.512563171756,ERVISS
CZ,2023-05-14,2023-W19,737.8446514356061,ERVISS
CZ,2023-05-07,2023-W18,788.7782098675299,ERVISS
CZ,2023-04-30,2023-W17,872.085022298612,ERVISS
CZ,2023-04-23,2023-W16,920.44719979937,ERVISS
CZ,2023-04-16,2023-W15,901.679594570757,ERVISS
CZ,2023-04-09,2023-W14,899.3474946384541,ERVISS
CZ,2023-04-02,2023-W13,1064.29411733974,ERVISS
CZ,2023-03-26,2023-W12,1118.17972982869,ERVISS
CZ,2023-03-19,2023-W11,1164.02159662257,ERVISS
CZ,2023-03-12,2023-W10,1219.99864872046,ERVISS
CZ,2023-03-05,2023-W09,1195.07455991912,ERVISS
CZ,2023-02-26,2023-W08,1194.97509977757,ERVISS
CZ,2023-02-19,2023-W07,1101.24665225477,ERVISS
CZ,2023-02-12,2023-W06,1121.28433583072,ERVISS
CZ,2023-02-05,2023-W05,1145.20632972992,ERVISS
CZ,2023-01-29,2023-W04,1169.54915651195,ERVISS
CZ,2023-01-22,2023-W03,1212.37415492611,ERVISS
CZ,2023-01-15,2023-W02,1406.84233938163,ERVISS
CZ,2023-01-08,2023-W01,1682.62607840431,ERVISS
CZ,2023-01-01,2022-W52,1391.77412242139,ERVISS
CZ,2022-12-25,2022-W51,1855.85927103893,ERVISS
CZ,2022-12-18,2022-W50,1883.81463191754,ERVISS
CZ,2022-12-11,2022-W49,1403.5312590124,ERVISS
CZ,2022-12-04,2022-W48,1190.09847603033,ERVISS
CZ,2022-11-27,2022-W47,1068.93739077587,ERVISS
CZ,2022-11-20,2022-W46,854.666235602239,ERVISS
CZ,2022-11-13,2022-W45,936.2288839485791,ERVISS
CZ,2022-11-06,2022-W44,911.789058626195,ERVISS
CZ,2022-10-30,2022-W43,810.9295868104172,ERVISS
CZ,2022-10-23,2022-W42,959.481440201393,ERVISS
CZ,2022-10-16,2022-W41,948.010240324056,ERVISS
CZ,2022-10-09,2022-W40,922.3443415694311,ERVISS
CZ,2022-10-02,2022-W39,798.620452910946,ERVISS
CZ,2022-09-25,2022-W38,868.4402751342169,ERVISS
CZ,2022-09-18,2022-W37,697.770480340152,ERVISS
CZ,2022-09-11,2022-W36,503.26821416324,ERVISS
CZ,2022-09-04,2022-W35,424.104163799774,ERVISS
CZ,2022-08-28,2022-W34,350.432564884733,ERVISS
CZ,2022-08-21,2022-W33,389.410479784742,ERVISS
CZ,2022-08-14,2022-W32,407.522312483805,ERVISS
CZ,2022-08-07,2022-W31,428.053095457594,ERVISS
CZ,2022-07-31,2022-W30,447.944521227497,ERVISS
CZ,2022-07-24,2022-W29,460.181334710284,ERVISS
CZ,2022-07-17,2022-W28,484.223115457739,ERVISS
CZ,2022-07-10,2022-W27,383.390168724837,ERVISS
CZ,2022-07-03,2022-W26,538.997452718102,ERVISS
CZ,2022-06-26,2022-W25,567.563813042395,ERVISS
EE,2024-01-07,2024-W01,238.233993516287,ERVISS
EE,2023-12-31,2023-W52,266.201229386976,ERVISS
EE,2023-12-24,2023-W51,382.82899572730906,ERVISS
EE,2023-12-17,2023-W50,516.369621304232,ERVISS
EE,2023-12-10,2023-W49,463.657661397942,ERVISS
EE,2023-12-03,2023-W48,501.171376886806,ERVISS
EE,2023-11-26,2023-W47,401.530203730613,ERVISS
EE,2023-11-19,2023-W46,324.278639423505,ERVISS
EE,2023-11-12,2023-W45,417.24741259156,ERVISS
EE,2023-11-05,2023-W44,245.470181785831,ERVISS
EE,2023-10-29,2023-W43,186.382373001987,ERVISS
EE,2023-10-22,2023-W42,148.053141959017,ERVISS
EE,2023-10-15,2023-W41,165.549657483467,ERVISS
EE,2023-10-08,2023-W40,132.929035319237,ERVISS
EE,2023-10-01,2023-W39,172.961503668106,ERVISS
EE,2023-09-24,2023-W38,154.177673990858,ERVISS
EE,2023-09-17,2023-W37,117.737044416995,ERVISS
EE,2023-09-10,2023-W36,74.6845067967409,ERVISS
EE,2023-09-03,2023-W35,84.6775041850373,ERVISS
EE,2023-08-27,2023-W34,55.9758124382012,ERVISS
EE,2023-08-20,2023-W33,50.9417460846985,ERVISS
EE,2023-08-13,2023-W32,50.3406635350266,ERVISS
EE,2023-08-06,2023-W31,50.3406635350266,ERVISS
EE,2023-07-23,2023-W29,49.5141750292276,ERVISS
EE,2023-07-16,2023-W28,61.2352847478308,ERVISS
EE,2023-07-09,2023-W27,70.2515229929102,ERVISS
EE,2023-07-02,2023-W26,86.7061577901801,ERVISS
EE,2023-06-25,2023-W25,63.4142089903917,ERVISS
EE,2023-06-18,2023-W24,113.379195931873,ERVISS
EE,2023-06-11,2023-W23,120.291645253101,ERVISS
EE,2023-06-04,2023-W22,143.733864690307,ERVISS
EE,2023-05-28,2023-W21,132.087890290413,ERVISS
EE,2023-05-21,2023-W20,142.75710554709,ERVISS
EE,2023-05-14,2023-W19,133.214920071048,ERVISS
EE,2023-05-07,2023-W18,152.073885067006,ERVISS
EE,2023-04-30,2023-W17,174.764751317122,ERVISS
EE,2023-04-23,2023-W16,209.251862604551,ERVISS
EE,2023-04-16,2023-W15,239.23085476944,ERVISS
EE,2023-04-09,2023-W14,172.585827074561,ERVISS
EE,2023-04-02,2023-W13,271.463906495599,ERVISS
EE,2023-03-26,2023-W12,232.46867608563,ERVISS
EE,2023-03-19,2023-W11,230.064345886942,ERVISS
EE,2023-03-12,2023-W10,233.445435228847,ERVISS
EE,2023-03-05,2023-W09,250.651423213207,ERVISS
EE,2023-02-26,2023-W08,25.1703317675133,ERVISS
EE,2023-02-19,2023-W07,237.653013076551,ERVISS
EE,2023-02-12,2023-W06,273.642830738159,ERVISS
EE,2023-02-05,2023-W05,277.174190717482,ERVISS
EE,2023-01-29,2023-W04,277.925543904572,ERVISS
EE,2023-01-22,2023-W03,288.820165117376,ERVISS
EE,2023-01-15,2023-W02,345.021383511705,ERVISS
EE,2023-01-08,2023-W01,395.587453002858,ERVISS
EE,2023-01-01,2022-W52,517.982887179811,ERVISS
EE,2022-12-25,2022-W51,390.177710055811,ERVISS
EE,2022-12-18,2022-W50,528.802373073906,ERVISS
EE,2022-12-11,2022-W49,401.072331268615,ERVISS
EE,2022-12-04,2022-W48,388.073921131959,ERVISS
EE,2022-11-20,2022-W46,284.387181313546,ERVISS
EE,2022-11-13,2022-W45,248.322228333228,ERVISS
EE,2022-11-06,2022-W44,248.547634289355,ERVISS
EE,2022-10-30,2022-W43,297.460726768911,ERVISS
EE,2022-10-23,2022-W42,286.115293643853,ERVISS
EE,2022-10-16,2022-W41,290.848818722519,ERVISS
EE,2022-10-09,2022-W40,293.478554877334,ERVISS
EE,2022-10-02,2022-W39,346.89955701513,ERVISS
EE,2022-09-25,2022-W38,291.56404033478,ERVISS
EE,2022-09-18,2022-W37,253.896793246661,ERVISS
EE,2022-09-11,2022-W36,196.005016284882,ERVISS
EE,2022-09-04,2022-W35,169.690572211346,ERVISS
EE,2022-08-28,2022-W34,168.412442070631,ERVISS
EE,2022-08-21,2022-W33,185.779975159165,ERVISS
EE,2022-08-14,2022-W32,172.998673752019,ERVISS
EE,2022-08-07,2022-W31,214.876231891903,ERVISS
EE,2022-07-31,2022-W30,214.876231891903,ERVISS
EE,2022-07-24,2022-W29,157.360375559746,ERVISS
EE,2022-07-10,2022-W27,138.564344078649,ERVISS
EE,2022-07-03,2022-W26,175.179013403826,ERVISS
EE,2022-06-26,2022-W25,88.942820968552,ERVISS
FI,2023-12-17,2023-W50,3736.7896555135894,ERVISS
FI,2023-12-10,2023-W49,3440.02576391214,ERVISS
FI,2023-12-03,2023-W48,3367.62735826578,ERVISS
FI,2023-11-26,2023-W47,3326.90220725605,ERVISS
FI,2023-10-29,2023-W43,3314.77028004403,ERVISS
FI,2023-10-22,2023-W42,3330.37214047692,ERVISS
FI,2023-10-15,2023-W41,3003.77628118708,ERVISS
FI,2023-10-08,2023-W40,2722.32545184105,ERVISS
FI,2023-09-24,2023-W38,2708.53116046506,ERVISS
FI,2023-09-17,2023-W37,2698.1532833478,ERVISS
FI,2023-09-10,2023-W36,2800.65916152344,ERVISS
FI,2023-09-03,2023-W35,2540.68045304918,ERVISS
FI,2023-08-27,2023-W34,2151.08846039335,ERVISS
FI,2023-08-20,2023-W33,1758.08758089741,ERVISS
FI,2023-08-13,2023-W32,1522.52506375452,ERVISS
FI,2023-08-06,2023-W31,1556.4132081263,ERVISS
FI,2023-07-30,2023-W30,1580.71436476096,ERVISS
FI,2023-07-23,2023-W29,1590.18524187788,ERVISS
FI,2023-07-16,2023-W28,1570.86550862949,ERVISS
FI,2023-07-09,2023-W27,1461.52449067006,ERVISS
FI,2023-07-02,2023-W26,1489.89847434443,ERVISS
FI,2023-06-25,2023-W25,1506.75851043478,ERVISS
FI,2023-06-18,2023-W24,1874.70518791095,ERVISS
FI,2023-06-11,2023-W23,2149.82524758967,ERVISS
FI,2023-06-04,2023-W22,2120.56570036225,ERVISS
FI,2023-05-28,2023-W21,2181.14102195631,ERVISS
FI,2023-05-21,2023-W20,2315.71651446345,ERVISS
FI,2023-05-14,2023-W19,2466.77976465758,ERVISS
FI,2023-05-07,2023-W18,2311.23308610238,ERVISS
FI,2023-04-30,2023-W17,2195.09368956913,ERVISS
FI,2023-04-23,2023-W16,2314.17955866284,ERVISS
FI,2023-04-16,2023-W15,2503.98471670724,ERVISS
FI,2023-04-09,2023-W14,2478.28212777083,ERVISS
FI,2023-04-02,2023-W13,2566.4047258432,ERVISS
FI,2023-03-26,2023-W12,2587.57795977176,ERVISS
FI,2023-03-19,2023-W11,2534.0212252665,ERVISS
FI,2023-03-12,2023-W10,2534.3483733918706,ERVISS
FI,2023-03-05,2023-W09,2629.03004867715,ERVISS
FI,2023-02-26,2023-W08,2736.5087086057906,ERVISS
FI,2023-02-19,2023-W07,2651.68369888079,ERVISS
FI,2023-02-12,2023-W06,2427.30774114361,ERVISS
FI,2023-02-05,2023-W05,2483.1235812638,ERVISS
FI,2023-01-29,2023-W04,2612.31648837486,ERVISS
FI,2023-01-22,2023-W03,2689.2703585033,ERVISS
FI,2023-01-15,2023-W02,3253.1439165494,ERVISS
FI,2023-01-08,2023-W01,4462.98953023412,ERVISS
FI,2023-01-01,2022-W52,5490.37665885351,ERVISS
FI,2022-12-25,2022-W51,4762.19670751791,ERVISS
FI,2022-12-18,2022-W50,4488.98463465589,ERVISS
FI,2022-12-11,2022-W49,4030.4564985108,ERVISS
FI,2022-12-04,2022-W48,3857.36645785973,ERVISS
FI,2022-11-27,2022-W47,3427.45208734604,ERVISS
FI,2022-11-20,2022-W46,3102.57076867518,ERVISS
FI,2022-11-13,2022-W45,3122.98466480402,ERVISS
FI,2022-11-06,2022-W44,2890.5858632981,ERVISS
FI,2022-10-30,2022-W43,3337.38329251202,ERVISS
FI,2022-10-23,2022-W42,3432.20763313531,ERVISS
FI,2022-10-16,2022-W41,3392.0464882744,ERVISS
FI,2022-10-09,2022-W40,3156.5839957829494,ERVISS
FI,2022-10-02,2022-W39,3092.12361342555,ERVISS
FI,2022-09-25,2022-W38,2927.27525898058,ERVISS
FI,2022-09-18,2022-W37,2999.69353103667,ERVISS
FI,2022-09-11,2022-W36,3117.80274983535,ERVISS
FI,2022-09-04,2022-W35,2780.04252875815,ERVISS
FI,2022-08-28,2022-W34,2417.86109978717,ERVISS
FI,2022-08-21,2022-W33,2363.18565877635,ERVISS
FI,2022-08-14,2022-W32,2512.37052399857,ERVISS
FI,2022-08-07,2022-W31,2672.08525054327,ERVISS
FI,2022-07-31,2022-W30,2771.53746200929,ERVISS
FI,2022-07-24,2022-W29,2852.50974778511,ERVISS
FI,2022-07-17,2022-W28,2459.02706361707,ERVISS
FI,2022-07-10,2022-W27,2060.77406793738,ERVISS
FI,2022-07-03,2022-W26,2004.97275564725,ERVISS
FI,2022-06-26,2022-W25,1932.78589261373,ERVISS
FR,2024-01-07,2024-W01,330.513463563371,ERVISS
FR,2023-12-31,2023-W52,312.917822471065,ERVISS
FR,2023-12-24,2023-W51,428.53254676008,ERVISS
FR,2023-12-17,2023-W50,428.43045533962,ERVISS
FR,2023-12-10,2023-W49,437.015277173483,ERVISS
FR,2023-12-03,2023-W48,376.825527926163,ERVISS
FR,2023-11-26,2023-W47,342.800133614813,ERVISS
FR,2023-11-19,2023-W46,259.895805191528,ERVISS
FR,2023-11-12,2023-W45,228.753350693751,ERVISS
FR,2023-11-05,2023-W44,165.491716317381,ERVISS
FR,2023-10-29,2023-W43,160.236293792534,ERVISS
FR,2023-10-22,2023-W42,187.604413238399,ERVISS
FR,2023-10-15,2023-W41,192.719650529183,ERVISS
FR,2023-10-08,2023-W40,221.343342071445,ERVISS
FR,2023-10-01,2023-W39,239.125534261926,ERVISS
FR,2023-09-24,2023-W38,214.498645643026,ERVISS
FR,2023-09-17,2023-W37,166.759478434132,ERVISS
FR,2023-09-10,2023-W36,138.359778515863,ERVISS
FR,2023-09-03,2023-W35,114.819325460957,ERVISS
FR,2023-08-27,2023-W34,94.9267359967979,ERVISS
FR,2023-08-20,2023-W33,78.191361804162,ERVISS
FR,2023-08-13,2023-W32,67.6713742392018,ERVISS
FR,2023-08-06,2023-W31,68.6389571047507,ERVISS
FR,2023-04-30,2023-W17,115.960616116542,ERVISS
FR,2023-04-23,2023-W16,104.648277228612,ERVISS
FR,2023-04-16,2023-W15,126.596408874859,ERVISS
FR,2023-04-09,2023-W14,150.133814424677,ERVISS
FR,2023-04-02,2023-W13,182.429749598392,ERVISS
FR,2023-03-26,2023-W12,197.717558874065,ERVISS
FR,2023-03-19,2023-W11,197.158341690354,ERVISS
FR,2023-03-12,2023-W10,200.175371727814,ERVISS
FR,2023-03-05,2023-W09,164.060912678404,ERVISS
FR,2023-02-26,2023-W08,189.338443633666,ERVISS
FR,2023-02-19,2023-W07,217.4989144025,ERVISS
FR,2023-02-12,2023-W06,242.785587873026,ERVISS
FR,2023-02-05,2023-W05,232.859863800293,ERVISS
FR,2023-01-29,2023-W04,185.00032014041,ERVISS
FR,2023-01-22,2023-W03,174.999932193012,ERVISS
FR,2023-01-15,2023-W02,198.200588430567,ERVISS
FR,2023-01-08,2023-W01,294.381372771219,ERVISS
FR,2023-01-01,2022-W52,355.686367078908,ERVISS
FR,2022-12-25,2022-W51,570.92080499366,ERVISS
FR,2022-12-18,2022-W50,586.188485369922,ERVISS
FR,2022-12-11,2022-W49,454.018812939997,ERVISS
FR,2022-12-04,2022-W48,360.298862084146,ERVISS
FR,2022-11-27,2022-W47,305.14053447581,ERVISS
FR,2022-11-20,2022-W46,225.737866221795,ERVISS
FR,2022-11-13,2022-W45,158.253492639008,ERVISS
FR,2022-11-06,2022-W44,132.316830794997,ERVISS
FR,2022-10-30,2022-W43,178.524557427732,ERVISS
FR,2022-10-23,2022-W42,185.408809693775,ERVISS
FR,2022-10-16,2022-W41,189.372888152913,ERVISS
FR,2022-10-09,2022-W40,180.845367476895,ERVISS
FR,2022-10-02,2022-W39,177.010052587195,ERVISS
FR,2022-09-25,2022-W38,125.779013846728,ERVISS
FR,2022-09-18,2022-W37,95.7786350672283,ERVISS
FR,2022-09-11,2022-W36,66.6029562919881,ERVISS
FR,2022-09-04,2022-W35,51.0516894830347,ERVISS
FR,2022-08-28,2022-W34,49.3179799945254,ERVISS
FR,2022-08-21,2022-W33,44.7851957703681,ERVISS
FR,2022-08-14,2022-W32,62.5499696539524,ERVISS
FR,2022-08-07,2022-W31,65.6816836106494,ERVISS
DE,2024-01-07,2024-W01,1814.00110294817,ERVISS
DE,2023-12-31,2023-W52,1026.00029040568,ERVISS
DE,2023-12-24,2023-W51,2313.00021387485,ERVISS
DE,2023-12-17,2023-W50,2585.00120049829,ERVISS
DE,2023-12-10,2023-W49,2326.89951292711,ERVISS
DE,2023-12-03,2023-W48,2081.9023708581,ERVISS
DE,2023-11-26,2023-W47,2076.0016002047,ERVISS
DE,2023-11-19,2023-W46,1924.00024006242,ERVISS
DE,2023-11-12,2023-W45,1807.00097456007,ERVISS
DE,2023-11-05,2023-W44,1479.0010200007,ERVISS
DE,2023-10-29,2023-W43,1646.0011816802,ERVISS
DE,2023-10-22,2023-W42,1558.89919952236,ERVISS
DE,2023-10-15,2023-W41,1528.89624401856,ERVISS
DE,2023-10-08,2023-W40,1095.90050924856,ERVISS
DE,2023-10-01,2023-W39,1275.85823860642,ERVISS
DE,2023-09-24,2023-W38,1141.00037762289,ERVISS
DE,2023-09-17,2023-W37,1058.89820037549,ERVISS
DE,2023-09-10,2023-W36,943.9006579971191,ERVISS
DE,2023-09-03,2023-W35,797.000057110689,ERVISS
DE,2023-08-27,2023-W34,685.000345483897,ERVISS
DE,2023-08-20,2023-W33,638.000691847298,ERVISS
DE,2023-08-13,2023-W32,584.000050173622,ERVISS
DE,2023-08-06,2023-W31,542.895019253835,ERVISS
DE,2023-07-30,2023-W30,544.000312593955,ERVISS
DE,2023-07-23,2023-W29,532.000041578745,ERVISS
DE,2023-07-16,2023-W28,527.892832264017,ERVISS
DE,2023-07-09,2023-W27,613.000347698538,ERVISS
DE,2023-07-02,2023-W26,558.896773773029,ERVISS
DE,2023-06-25,2023-W25,656.000028962474,ERVISS
DE,2023-06-18,2023-W24,765.000111229185,ERVISS
DE,2023-06-11,2023-W23,720.9133778882099,ERVISS
DE,2023-06-04,2023-W22,762.914035136104,ERVISS
DE,2023-05-28,2023-W21,1052.916197477,ERVISS
DE,2023-05-21,2023-W20,773.914979387572,ERVISS
DE,2023-05-14,2023-W19,1112.91674878328,ERVISS
DE,2023-05-07,2023-W18,975.0004645552428,ERVISS
DE,2023-04-30,2023-W17,1176.90736959347,ERVISS
DE,2023-04-23,2023-W16,1284.90630556048,ERVISS
DE,2023-04-16,2023-W15,1119.90166232766,ERVISS
DE,2023-04-09,2023-W14,1123.90781204117,ERVISS
DE,2023-04-02,2023-W13,1656.00135059127,ERVISS
DE,2023-03-26,2023-W12,1787.91520041198,ERVISS
DE,2023-03-19,2023-W11,1923.00155571346,ERVISS
DE,2023-03-12,2023-W10,2017.00063893773,ERVISS
DE,2023-03-05,2023-W09,2182.91403257571,ERVISS
DE,2023-02-26,2023-W08,1943.91481848334,ERVISS
DE,2023-02-19,2023-W07,1859.91804648224,ERVISS
DE,2023-02-12,2023-W06,1853.00066770387,ERVISS
DE,2023-02-05,2023-W05,1730.00074657069,ERVISS
DE,2023-01-29,2023-W04,1531.00065908481,ERVISS
DE,2023-01-22,2023-W03,1340.00094511187,ERVISS
DE,2023-01-15,2023-W02,1537.00021614066,ERVISS
DE,2023-01-08,2023-W01,1850.91387095718,ERVISS
DE,2023-01-01,2022-W52,1312.91202666695,ERVISS
DE,2022-12-25,2022-W51,2786.00135819983,ERVISS
DE,2022-12-18,2022-W50,3251.00078725558,ERVISS
DE,2022-12-11,2022-W49,3211.0007661824,ERVISS
DE,2022-12-04,2022-W48,2715.00057525713,ERVISS
DE,2022-11-27,2022-W47,2253.92824204964,ERVISS
DE,2022-11-20,2022-W46,1826.92588125057,ERVISS
DE,2022-11-13,2022-W45,1665.91867436759,ERVISS
DE,2022-11-06,2022-W44,1298.00066163934,ERVISS
DE,2022-10-30,2022-W43,1740.91044654719,ERVISS
DE,2022-10-23,2022-W42,1816.90879151208,ERVISS
DE,2022-10-16,2022-W41,2185.9031791196094,ERVISS
DE,2022-10-09,2022-W40,2081.89618341611,ERVISS
DE,2022-10-02,2022-W39,1895.00010371384,ERVISS
DE,2022-09-25,2022-W38,1603.0002246712,ERVISS
DE,2022-09-18,2022-W37,1213.00041432966,ERVISS
DE,2022-09-11,2022-W36,937.000235954172,ERVISS
DE,2022-09-04,2022-W35,843.0002622383212,ERVISS
DE,2022-08-28,2022-W34,797.8896596634711,ERVISS
DE,2022-08-21,2022-W33,824.000577201238,ERVISS
DE,2022-08-14,2022-W32,883.891783479758,ERVISS
DE,2022-08-07,2022-W31,897.894014959946,ERVISS
DE,2022-07-31,2022-W30,1055.89009499159,ERVISS
DE,2022-07-24,2022-W29,1297.89218916151,ERVISS
DE,2022-07-17,2022-W28,1473.89576442131,ERVISS
DE,2022-07-10,2022-W27,1516.00127325918,ERVISS
DE,2022-07-03,2022-W26,1462.00080367296,ERVISS
DE,2022-06-26,2022-W25,1464.89401462972,ERVISS
HU,2023-12-24,2023-W51,2516.70560572595,ERVISS
HU,2023-12-17,2023-W50,3050.87892055417,ERVISS
HU,2023-12-10,2023-W49,2710.26487745194,ERVISS
HU,2023-12-03,2023-W48,2577.5191831063894,ERVISS
HU,2023-11-26,2023-W47,2337.55209398356,ERVISS
HU,2023-11-19,2023-W46,1971.36540983662,ERVISS
HU,2023-11-12,2023-W45,1678.41606251906,ERVISS
HU,2023-11-05,2023-W44,1295.84161785386,ERVISS
HU,2023-10-29,2023-W43,1746.91593465586,ERVISS
HU,2023-10-15,2023-W41,1964.69428608582,ERVISS
HU,2023-10-08,2023-W40,1696.15738437806,ERVISS
HU,2023-05-21,2023-W20,1201.59391151026,ERVISS
HU,2023-05-14,2023-W19,1257.32745762383,ERVISS
HU,2023-05-07,2023-W18,1234.38405700441,ERVISS
HU,2023-04-30,2023-W17,1093.23121175595,ERVISS
HU,2023-04-23,2023-W16,1528.76777446589,ERVISS
HU,2023-04-16,2023-W15,1533.81241223422,ERVISS
HU,2023-04-09,2023-W14,1589.4974522154,ERVISS
HU,2023-04-02,2023-W13,2062.28672459916,ERVISS
HU,2023-03-26,2023-W12,2216.6332378571,ERVISS
HU,2023-03-19,2023-W11,2275.90773163497,ERVISS
HU,2023-03-12,2023-W10,2833.29169890303,ERVISS
HU,2023-03-05,2023-W09,3034.7861728419,ERVISS
HU,2023-02-26,2023-W08,3038.0371219628,ERVISS
HU,2023-02-19,2023-W07,2901.24879037832,ERVISS
HU,2023-02-12,2023-W06,2717.99262221726,ERVISS
HU,2023-02-05,2023-W05,2507.81555058098,ERVISS
HU,2023-01-29,2023-W04,2172.1531144575,ERVISS
HU,2023-01-22,2023-W03,1904.93283113318,ERVISS
HU,2023-01-15,2023-W02,1753.27419698411,ERVISS
HU,2023-01-08,2023-W01,1663.50702391737,ERVISS
HU,2023-01-01,2022-W52,1376.64025247381,ERVISS
HU,2022-12-25,2022-W51,2266.64538133338,ERVISS
HU,2022-12-18,2022-W50,2770.55462041344,ERVISS
HU,2022-12-11,2022-W49,2461.07622591632,ERVISS
HU,2022-12-04,2022-W48,2392.51351481183,ERVISS
HU,2022-11-27,2022-W47,2216.81569656516,ERVISS
HU,2022-11-20,2022-W46,2081.13364284272,ERVISS
HU,2022-11-13,2022-W45,1877.2902659814,ERVISS
HU,2022-11-06,2022-W44,1515.06917379625,ERVISS
HU,2022-10-30,2022-W43,2007.42783721255,ERVISS
HU,2022-10-23,2022-W42,2115.19649705759,ERVISS
HU,2022-10-16,2022-W41,2165.95112028943,ERVISS
HU,2022-10-09,2022-W40,2130.62667888142,ERVISS
LV,2023-12-17,2023-W50,1519.04002219602,ERVISS
LV,2023-12-10,2023-W49,1514.74474007715,ERVISS
LV,2023-12-03,2023-W48,1205.29595455766,ERVISS
LV,2023-11-26,2023-W47,1205.52125962405,ERVISS
LV,2023-11-19,2023-W46,1179.16348754942,ERVISS
LV,2023-11-12,2023-W45,1032.26518727057,ERVISS
LV,2023-11-05,2023-W44,1079.28140389818,ERVISS
LV,2023-10-29,2023-W43,1153.63486540927,ERVISS
LV,2023-10-22,2023-W42,1249.58800854076,ERVISS
LV,2023-10-15,2023-W41,976.525821596244,ERVISS
LV,2023-10-08,2023-W40,1041.0588297703,ERVISS
LV,2023-05-21,2023-W20,1269.47906587138,ERVISS
LV,2023-05-07,2023-W18,1503.96803374216,ERVISS
LV,2023-04-30,2023-W17,1848.04928131417,ERVISS
LV,2023-04-23,2023-W16,1649.18366785055,ERVISS
LV,2023-04-16,2023-W15,1617.52154401035,ERVISS
LV,2023-04-09,2023-W14,1740.79863578229,ERVISS
LV,2023-04-02,2023-W13,1960.25452236527,ERVISS
LV,2023-03-26,2023-W12,1830.56159738453,ERVISS
LV,2023-03-19,2023-W11,1879.9600421777,ERVISS
LV,2023-03-12,2023-W10,1973.76420205077,ERVISS
LV,2023-03-05,2023-W09,2083.44793442984,ERVISS
LV,2023-02-26,2023-W08,1965.65839423947,ERVISS
LV,2023-02-19,2023-W07,1942.69193877413,ERVISS
LV,2023-02-12,2023-W06,1898.109995812,ERVISS
LV,2023-02-05,2023-W05,2046.09003326222,ERVISS
LV,2023-01-29,2023-W04,2007.65958574628,ERVISS
LV,2023-01-22,2023-W03,2199.33222488071,ERVISS
LV,2023-01-15,2023-W02,2231.98303637816,ERVISS
LV,2023-01-08,2023-W01,2573.51479572229,ERVISS
LV,2023-01-01,2022-W52,2540.3902788099,ERVISS
LV,2022-12-25,2022-W51,2505.05489137072,ERVISS
LV,2022-12-18,2022-W50,2554.96216588701,ERVISS
LV,2022-12-11,2022-W49,2901.1553273427494,ERVISS
LV,2022-12-04,2022-W48,2492.67833715429,ERVISS
LV,2022-11-27,2022-W47,2443.64638687534,ERVISS
LV,2022-11-20,2022-W46,1936.19513539585,ERVISS
LV,2022-11-13,2022-W45,1834.45371345266,ERVISS
LV,2022-11-06,2022-W44,1948.02613270431,ERVISS
LV,2022-10-30,2022-W43,1916.22162441526,ERVISS
LV,2022-10-23,2022-W42,2018.19484434351,ERVISS
LV,2022-10-16,2022-W41,2003.3253578815,ERVISS
LV,2022-10-09,2022-W40,1899.23895264744,ERVISS
LT,2024-01-07,2024-W01,947.859834478887,ERVISS
LT,2023-12-31,2023-W52,749.699276829459,ERVISS
LT,2023-12-24,2023-W51,1348.94072297455,ERVISS
LT,2023-12-17,2023-W50,1473.56978439977,ERVISS
LT,2023-12-10,2023-W49,1431.57178560442,ERVISS
LT,2023-12-03,2023-W48,1358.53026603282,ERVISS
LT,2023-11-26,2023-W47,1204.99258210346,ERVISS
LT,2023-11-19,2023-W46,1034.02572867403,ERVISS
LT,2023-11-12,2023-W45,927.000828410526,ERVISS
LT,2023-11-05,2023-W44,648.764086391284,ERVISS
LT,2023-10-29,2023-W43,1097.82768851064,ERVISS
LT,2023-10-22,2023-W42,1084.03834557283,ERVISS
LT,2023-10-15,2023-W41,1021.11134404446,ERVISS
LT,2023-10-08,2023-W40,916.081348723733,ERVISS
LT,2023-10-01,2023-W39,1015.73915391597,ERVISS
LT,2023-09-24,2023-W38,1175.94487756163,ERVISS
LT,2023-09-17,2023-W37,892.107155321993,ERVISS
LT,2023-09-10,2023-W36,464.251496302959,ERVISS
LT,2023-09-03,2023-W35,346.276328723787,ERVISS
LT,2023-08-27,2023-W34,321.265308576574,ERVISS
LT,2023-08-20,2023-W33,274.267360334087,ERVISS
LT,2023-08-13,2023-W32,312.050722206548,ERVISS
LT,2023-08-06,2023-W31,316.320028632815,ERVISS
LT,2023-07-30,2023-W30,331.227023571197,ERVISS
LT,2023-07-16,2023-W28,356.593819253932,ERVISS
LT,2023-07-09,2023-W27,342.825306029221,ERVISS
LT,2023-07-02,2023-W26,491.148126788439,ERVISS
LT,2023-06-25,2023-W25,559.777227590677,ERVISS
LT,2023-06-18,2023-W24,694.545000446498,ERVISS
LT,2023-06-11,2023-W23,733.324533818421,ERVISS
LT,2023-06-04,2023-W22,810.27878215188,ERVISS
LT,2023-05-28,2023-W21,513.597563079892,ERVISS
LT,2023-05-21,2023-W20,539.81822004788,ERVISS
LT,2023-05-14,2023-W19,541.41920995773,ERVISS
LT,2023-05-07,2023-W18,459.590836787617,ERVISS
LT,2023-04-30,2023-W17,494.919347464975,ERVISS
LT,2023-04-23,2023-W16,553.266535290621,ERVISS
LT,2023-04-16,2023-W15,513.206209990817,ERVISS
LT,2023-04-09,2023-W14,701.162425407212,ERVISS
LT,2023-04-02,2023-W13,800.886308014093,ERVISS
LT,2023-03-26,2023-W12,830.415677462438,ERVISS
LT,2023-03-19,2023-W11,856.992109965949,ERVISS
LT,2023-03-12,2023-W10,778.045518633566,ERVISS
LT,2023-03-05,2023-W09,685.045793648055,ERVISS
LT,2023-02-26,2023-W08,671.52632329821,ERVISS
LT,2023-02-19,2023-W07,597.453856802482,ERVISS
LT,2023-02-12,2023-W06,759.153837697335,ERVISS
LT,2023-02-05,2023-W05,656.15682016365,ERVISS
LT,2023-01-29,2023-W04,654.662562914456,ERVISS
LT,2023-01-22,2023-W03,652.278866826457,ERVISS
LT,2023-01-15,2023-W02,732.541827640272,ERVISS
LT,2023-01-08,2023-W01,1047.79452966652,ERVISS
LT,2023-01-01,2022-W52,994.428199338186,ERVISS
LT,2022-12-25,2022-W51,1356.57211694626,ERVISS
LT,2022-12-18,2022-W50,1504.57133863675,ERVISS
LT,2022-12-11,2022-W49,1349.40336519201,ERVISS
LT,2022-12-04,2022-W48,1039.42511303153,ERVISS
LT,2022-11-27,2022-W47,827.0259829451148,ERVISS
LT,2022-11-20,2022-W46,649.287472099811,ERVISS
LT,2022-11-13,2022-W45,611.300291878899,ERVISS
LT,2022-11-06,2022-W44,438.104504092028,ERVISS
LT,2022-10-30,2022-W43,620.636124306072,ERVISS
LT,2022-10-23,2022-W42,694.857780575745,ERVISS
LT,2022-10-16,2022-W41,667.494133806444,ERVISS
LT,2022-10-09,2022-W40,682.123848222973,ERVISS
LT,2022-10-02,2022-W39,643.586797812206,ERVISS
LT,2022-09-25,2022-W38,656.073555230288,ERVISS
LT,2022-09-18,2022-W37,558.755560453259,ERVISS
LT,2022-09-11,2022-W36,350.631010593708,ERVISS
LT,2022-09-04,2022-W35,241.756503936906,ERVISS
LT,2022-08-28,2022-W34,230.629336151739,ERVISS
LT,2022-08-21,2022-W33,230.021098684382,ERVISS
LT,2022-08-14,2022-W32,283.868003882702,ERVISS
LT,2022-08-07,2022-W31,291.882426981986,ERVISS
LT,2022-07-31,2022-W30,296.748326720838,ERVISS
LT,2022-07-24,2022-W29,294.708942271466,ERVISS
LT,2022-07-17,2022-W28,287.553207361391,ERVISS
LT,2022-07-10,2022-W27,247.373755841316,ERVISS
LT,2022-07-03,2022-W26,317.464179285507,ERVISS
LT,2022-06-26,2022-W25,283.152430391694,ERVISS
NL,2022-10-02,2022-W39,189.42582393588,ERVISS
NL,2022-09-25,2022-W38,168.471720818291,ERVISS
NL,2022-09-18,2022-W37,147.336191672128,ERVISS
NL,2022-09-11,2022-W36,131.460609299442,ERVISS
NL,2022-09-04,2022-W35,124.94344028318,ERVISS
NL,2022-08-28,2022-W34,102.7516685491,ERVISS
NL,2022-08-21,2022-W33,108.887533402322,ERVISS
NL,2022-08-14,2022-W32,107.185170558326,ERVISS
NL,2022-08-07,2022-W31,120.038840117714,ERVISS
NL,2022-07-31,2022-W30,145.517755152719,ERVISS
NL,2022-07-24,2022-W29,157.889059844107,ERVISS
NL,2022-07-17,2022-W28,185.670770479195,ERVISS
NL,2022-07-10,2022-W27,201.313332709948,ERVISS
NL,2022-07-03,2022-W26,197.271380869502,ERVISS
NL,2022-06-26,2022-W25,220.919815518079,ERVISS
PT,2023-03-05,2023-W09,61.56877231868,ERVISS
PT,2023-02-26,2023-W08,103.423311614438,ERVISS
PT,2023-02-19,2023-W07,33.2409972299169,ERVISS
PT,2023-02-05,2023-W05,32.7475166466543,ERVISS
PT,2023-01-29,2023-W04,54.7045951859956,ERVISS
PT,2023-01-22,2023-W03,45.7630996872855,ERVISS
PT,2023-01-15,2023-W02,74.4047619047619,ERVISS
PT,2023-01-08,2023-W01,64.3915003219575,ERVISS
PT,2023-01-01,2022-W52,64.4676050284732,ERVISS
PT,2022-12-25,2022-W51,44.1208912420031,ERVISS
PT,2022-12-18,2022-W50,27.9955207166853,ERVISS
PT,2022-12-11,2022-W49,70.6214689265537,ERVISS
PT,2022-12-04,2022-W48,75.0891683874601,ERVISS
PT,2022-11-27,2022-W47,51.994354898611,ERVISS
PT,2022-11-20,2022-W46,61.7236324357688,ERVISS
PT,2022-11-13,2022-W45,48.9284665818573,ERVISS
PT,2022-11-06,2022-W44,51.3248219670238,ERVISS
PT,2022-10-30,2022-W43,24.3368216110976,ERVISS
PT,2022-10-23,2022-W42,65.0533437418683,ERVISS
PT,2022-10-16,2022-W41,39.2259414225941,ERVISS
PT,2022-10-09,2022-W40,36.6389838788471,ERVISS
PT,2022-10-02,2022-W39,38.7596899224806,ERVISS
PT,2022-09-25,2022-W38,34.8594004183128,ERVISS
PT,2022-09-18,2022-W37,16.826518593303,ERVISS
PT,2022-09-11,2022-W36,29.0191526407429,ERVISS
PT,2022-09-04,2022-W35,0.0,ERVISS
PT,2022-08-28,2022-W34,22.163120567375895,ERVISS
PT,2022-08-21,2022-W33,19.0114068441065,ERVISS
PT,2022-08-14,2022-W32,12.2669283611384,ERVISS
PT,2022-08-07,2022-W31,7.39973360959005,ERVISS
PT,2022-07-31,2022-W30,0.0,ERVISS
PT,2022-07-24,2022-W29,41.8935902806871,ERVISS
PT,2022-07-17,2022-W28,0.0,ERVISS
PT,2022-07-10,2022-W27,16.5030117996534,ERVISS
PT,2022-07-03,2022-W26,54.6996079861428,ERVISS
PT,2022-06-26,2022-W25,0.0,ERVISS
RO,2024-01-07,2024-W01,663.367404407271,ERVISS
RO,2023-12-31,2023-W52,523.566611073886,ERVISS
RO,2023-12-24,2023-W51,864.0322323084671,ERVISS
RO,2023-12-17,2023-W50,944.865120681495,ERVISS
RO,2023-12-10,2023-W49,851.362670231704,ERVISS
RO,2023-12-03,2023-W48,572.901408983094,ERVISS
RO,2023-11-26,2023-W47,820.4277944928428,ERVISS
RO,2023-11-19,2023-W46,774.456842254252,ERVISS
RO,2023-11-12,2023-W45,658.301985619732,ERVISS
RO,2023-11-05,2023-W44,683.457518984931,ERVISS
RO,2023-10-29,2023-W43,882.04765274829,ERVISS
RO,2023-10-22,2023-W42,888.146721173237,ERVISS
RO,2023-10-15,2023-W41,796.5244132907259,ERVISS
RO,2023-10-08,2023-W40,860.2407990149129,ERVISS
RO,2023-10-01,2023-W39,951.9939629651129,ERVISS
RO,2023-09-24,2023-W38,842.245063216153,ERVISS
RO,2023-09-17,2023-W37,547.496902194982,ERVISS
RO,2023-09-03,2023-W35,388.78869408390693,ERVISS
RO,2023-08-20,2023-W33,355.687675163239,ERVISS
RO,2023-08-13,2023-W32,365.041981092697,ERVISS
RO,2023-08-06,2023-W31,336.679710759294,ERVISS
RO,2023-07-30,2023-W30,350.137863773735,ERVISS
RO,2023-07-23,2023-W29,355.944319783951,ERVISS
RO,2023-07-16,2023-W28,331.357239251976,ERVISS
RO,2023-07-09,2023-W27,520.586729024341,ERVISS
RO,2023-06-25,2023-W25,423.222902934077,ERVISS
RO,2023-06-18,2023-W24,462.316293584069,ERVISS
RO,2023-06-04,2023-W22,394.014054126602,ERVISS
RO,2023-05-28,2023-W21,627.206075338316,ERVISS
RO,2023-05-21,2023-W20,657.386579628522,ERVISS
RO,2023-05-14,2023-W19,807.897956789192,ERVISS
RO,2023-05-07,2023-W18,647.043351426317,ERVISS
RO,2023-04-30,2023-W17,642.084459169157,ERVISS
RO,2023-04-23,2023-W16,564.610122857634,ERVISS
RO,2023-04-16,2023-W15,533.079020406167,ERVISS
RO,2023-04-09,2023-W14,797.0184029323461,ERVISS
RO,2023-04-02,2023-W13,874.2359516821172,ERVISS
RO,2023-03-26,2023-W12,920.655444456867,ERVISS
RO,2023-03-19,2023-W11,978.8270778599431,ERVISS
RO,2023-03-12,2023-W10,922.4474138482188,ERVISS
RO,2023-03-05,2023-W09,780.752033628021,ERVISS
RO,2023-02-26,2023-W08,899.764405068318,ERVISS
RO,2023-02-19,2023-W07,986.6229812346729,ERVISS
RO,2023-02-12,2023-W06,1031.10425529351,ERVISS
RO,2023-02-05,2023-W05,937.551707692158,ERVISS
RO,2023-01-29,2023-W04,795.691175083499,ERVISS
RO,2023-01-22,2023-W03,1023.25030124647,ERVISS
RO,2023-01-15,2023-W02,1169.97942466711,ERVISS
RO,2023-01-08,2023-W01,970.793471596383,ERVISS
RO,2023-01-01,2022-W52,743.772961929714,ERVISS
RO,2022-12-25,2022-W51,949.66785137958,ERVISS
RO,2022-12-18,2022-W50,931.165004975319,ERVISS
RO,2022-12-11,2022-W49,969.51772584287,ERVISS
RO,2022-12-04,2022-W48,600.021351346105,ERVISS
RO,2022-11-27,2022-W47,1070.48807980748,ERVISS
RO,2022-11-20,2022-W46,970.262436387781,ERVISS
RO,2022-11-13,2022-W45,833.597387086553,ERVISS
RO,2022-11-06,2022-W44,648.206158324171,ERVISS
RO,2022-10-30,2022-W43,755.8201805205301,ERVISS
RO,2022-10-23,2022-W42,788.8820764357249,ERVISS
RO,2022-10-16,2022-W41,909.369945238049,ERVISS
RO,2022-10-09,2022-W40,54.7394426749664,ERVISS
RO,2022-10-02,2022-W39,943.1748747403151,ERVISS
RO,2022-09-25,2022-W38,969.462064165183,ERVISS
RO,2022-09-18,2022-W37,788.855360614482,ERVISS
RO,2022-09-11,2022-W36,407.215600046291,ERVISS
RO,2022-09-04,2022-W35,397.115209056053,ERVISS
RO,2022-08-28,2022-W34,361.953087182531,ERVISS
RO,2022-08-21,2022-W33,264.290442292206,ERVISS
RO,2022-08-14,2022-W32,328.52893403002,ERVISS
RO,2022-08-07,2022-W31,408.011780621835,ERVISS
RO,2022-07-31,2022-W30,433.954766310482,ERVISS
RO,2022-07-24,2022-W29,401.063340767639,ERVISS
RO,2022-07-17,2022-W28,394.289469423518,ERVISS
RO,2022-07-10,2022-W27,368.407166670664,ERVISS
RO,2022-07-03,2022-W26,406.009228145114,ERVISS
RO,2022-06-26,2022-W25,427.297573231092,ERVISS
SK,2023-04-23,2023-W16,1587.21180735198,ERVISS
SK,2023-04-16,2023-W15,1476.39614667485,ERVISS
SK,2023-04-09,2023-W14,1494.45487375853,ERVISS
SK,2023-04-02,2023-W13,1905.59987033585,ERVISS
SK,2023-03-26,2023-W12,1867.24967277823,ERVISS
SK,2023-03-19,2023-W11,25191.8273845191,ERVISS
SK,2023-03-12,2023-W10,1830.89961046457,ERVISS
SK,2023-03-05,2023-W09,2033.28379148993,ERVISS
SK,2023-02-26,2023-W08,2137.83255262531,ERVISS
SK,2023-02-19,2023-W07,2132.4746837521,ERVISS
SK,2023-02-12,2023-W06,2085.18928001265,ERVISS
SK,2023-02-05,2023-W05,1882.58397777872,ERVISS
SK,2023-01-29,2023-W04,1816.70300204345,ERVISS
SK,2023-01-22,2023-W03,1724.19760015468,ERVISS
SK,2023-01-15,2023-W02,1945.20466989758,ERVISS
SK,2023-01-08,2023-W01,2121.49806397032,ERVISS
SK,2023-01-01,2022-W52,2197.81418761745,ERVISS
SK,2022-12-25,2022-W51,3500.31325551272,ERVISS
SK,2022-12-18,2022-W50,3510.66864927816,ERVISS
SK,2022-12-11,2022-W49,2816.75585673753,ERVISS
SK,2022-12-04,2022-W48,2029.42721251763,ERVISS
SK,2022-11-27,2022-W47,1731.71404955619,ERVISS
SK,2022-11-20,2022-W46,1366.60493947126,ERVISS
SK,2022-11-13,2022-W45,1581.74938315771,ERVISS
SK,2022-11-06,2022-W44,1421.94304546327,ERVISS
SK,2022-10-30,2022-W43,1638.15361849977,ERVISS
SK,2022-10-23,2022-W42,1755.5855952599,ERVISS
SK,2022-10-16,2022-W41,1810.06767274496,ERVISS
SK,2022-10-09,2022-W40,1865.80186895629,ERVISS
SK,2022-10-02,2022-W39,1842.66957513462,ERVISS
SK,2022-09-25,2022-W38,1578.17989404968,ERVISS
SK,2022-09-18,2022-W37,928.093923798172,ERVISS
SK,2022-09-11,2022-W36,770.2968872139659,ERVISS
SK,2022-09-04,2022-W35,562.945675618796,ERVISS
SK,2022-08-28,2022-W34,711.038516014072,ERVISS
SK,2022-08-21,2022-W33,713.064717337332,ERVISS
SK,2022-08-14,2022-W32,822.8990185777972,ERVISS
SK,2022-08-07,2022-W31,805.604004158689,ERVISS
SK,2022-07-31,2022-W30,870.9885740652111,ERVISS
SK,2022-07-24,2022-W29,888.0960049602692,ERVISS
SK,2022-07-17,2022-W28,923.940448793884,ERVISS
SK,2022-07-10,2022-W27,825.565715949585,ERVISS
SK,2022-07-03,2022-W26,923.440717855139,ERVISS
SK,2022-06-26,2022-W25,1446.23941547578,ERVISS
SI,2024-01-07,2024-W01,1561.5866388309,ERVISS
SI,2023-12-31,2023-W52,1556.85975984088,ERVISS
SI,2023-12-24,2023-W51,2485.36282453131,ERVISS
SI,2023-12-17,2023-W50,2299.6466597016,ERVISS
SI,2023-12-10,2023-W49,2286.20194035214,ERVISS
SI,2023-12-03,2023-W48,2135.37775178941,ERVISS
SI,2023-11-26,2023-W47,1870.1062639821,ERVISS
SI,2023-11-19,2023-W46,1592.16098144155,ERVISS
SI,2023-11-12,2023-W45,1254.58361200157,ERVISS
SI,2023-11-05,2023-W44,812.092124901232,ERVISS
SI,2023-10-29,2023-W43,1481.50857811757,ERVISS
SI,2023-10-22,2023-W42,1440.38550566054,ERVISS
SI,2023-10-15,2023-W41,1247.13302752294,ERVISS
SI,2023-10-08,2023-W40,1214.56599874696,ERVISS
SI,2023-10-01,2023-W39,1214.1355994152,ERVISS
SI,2023-09-24,2023-W38,1328.39599808158,ERVISS
SI,2023-09-17,2023-W37,1250.4405098978,ERVISS
SI,2023-09-10,2023-W36,785.896110536788,ERVISS
SI,2023-09-03,2023-W35,731.960906633396,ERVISS
SI,2023-08-27,2023-W34,638.691668183749,ERVISS
SI,2023-08-20,2023-W33,433.313518756062,ERVISS
SI,2023-08-13,2023-W32,498.889192033363,ERVISS
SI,2023-08-06,2023-W31,540.615230495535,ERVISS
SI,2023-07-30,2023-W30,613.171191230624,ERVISS
SI,2023-07-23,2023-W29,721.915825347674,ERVISS
SI,2023-07-16,2023-W28,755.899705014749,ERVISS
SI,2023-07-09,2023-W27,810.67349959135,ERVISS
SI,2023-07-02,2023-W26,838.1502890173412,ERVISS
SI,2023-06-25,2023-W25,890.049899106822,ERVISS
SI,2023-06-18,2023-W24,951.1162156341969,ERVISS
SI,2023-06-11,2023-W23,1008.04128937121,ERVISS
SI,2023-06-04,2023-W22,1043.38037925362,ERVISS
SI,2023-05-28,2023-W21,1215.84750983868,ERVISS
SI,2023-05-21,2023-W20,1094.18531499955,ERVISS
SI,2023-05-14,2023-W19,950.0355599902339,ERVISS
SI,2023-05-07,2023-W18,747.2052432193739,ERVISS
SI,2023-04-30,2023-W17,1054.63681289859,ERVISS
SI,2023-04-23,2023-W16,1250.90690750794,ERVISS
SI,2023-04-16,2023-W15,1370.19818938096,ERVISS
SI,2023-04-09,2023-W14,1445.94041442179,ERVISS
SI,2023-04-02,2023-W13,1489.89692408377,ERVISS
SI,2023-03-26,2023-W12,1611.91217434049,ERVISS
SI,2023-03-19,2023-W11,1886.18583217233,ERVISS
SI,2023-03-12,2023-W10,2024.16113344141,ERVISS
SI,2023-03-05,2023-W09,1894.09414862227,ERVISS
SI,2023-02-26,2023-W08,1759.34198770169,ERVISS
SI,2023-02-19,2023-W07,1754.95685544048,ERVISS
SI,2023-02-12,2023-W06,1230.70936044461,ERVISS
SI,2023-02-05,2023-W05,1920.34506805796,ERVISS
SI,2023-01-29,2023-W04,1757.55356624285,ERVISS
SI,2023-01-22,2023-W03,1843.07468499965,ERVISS
SI,2023-01-15,2023-W02,2050.24011821204,ERVISS
SI,2023-01-08,2023-W01,2293.06612510879,ERVISS
SI,2023-01-01,2022-W52,2741.5795492985,ERVISS
SI,2022-12-25,2022-W51,3299.9365884591,ERVISS
SI,2022-12-18,2022-W50,2869.7829361964,ERVISS
SI,2022-12-11,2022-W49,2716.73168617252,ERVISS
SI,2022-12-04,2022-W48,2510.97753335891,ERVISS
SI,2022-11-27,2022-W47,1995.89610129623,ERVISS
SI,2022-11-20,2022-W46,1505.15975939518,ERVISS
SI,2022-11-13,2022-W45,1382.54626775208,ERVISS
SI,2022-11-06,2022-W44,1002.34134696314,ERVISS
SI,2022-10-30,2022-W43,1946.12127218668,ERVISS
SI,2022-10-23,2022-W42,1904.85318254244,ERVISS
SI,2022-10-16,2022-W41,2030.33806849466,ERVISS
SI,2022-10-09,2022-W40,2299.46369874863,ERVISS
SI,2022-10-02,2022-W39,2276.89856979603,ERVISS
SI,2022-09-25,2022-W38,2556.42869085437,ERVISS
SI,2022-09-18,2022-W37,2107.86784585071,ERVISS
SI,2022-09-11,2022-W36,1294.434388452,ERVISS
SI,2022-09-04,2022-W35,913.7342924303209,ERVISS
SI,2022-08-28,2022-W34,999.696486835116,ERVISS
SI,2022-08-21,2022-W33,943.240112526891,ERVISS
SI,2022-08-14,2022-W32,1010.66695399203,ERVISS
SI,2022-08-07,2022-W31,949.1268033409261,ERVISS
SI,2022-07-31,2022-W30,1221.59203585452,ERVISS
SI,2022-07-24,2022-W29,1439.10732244624,ERVISS
SI,2022-07-17,2022-W28,1595.74468085106,ERVISS
SI,2022-07-10,2022-W27,1678.01745345314,ERVISS
SI,2022-07-03,2022-W26,1376.94112389677,ERVISS
SI,2022-06-26,2022-W25,1341.85423265054,ERVISS
ES,2024-01-07,2024-W01,932.158248258321,ERVISS
ES,2023-12-31,2023-W52,953.812910193683,ERVISS
ES,2023-12-24,2023-W51,920.9019390591791,ERVISS
ES,2023-12-17,2023-W50,801.979808169582,ERVISS
ES,2023-12-10,2023-W49,542.999490180054,ERVISS
ES,2023-12-03,2023-W48,676.587016750079,ERVISS
ES,2023-11-26,2023-W47,610.925174359483,ERVISS
ES,2023-11-19,2023-W46,567.832030100255,ERVISS
ES,2023-11-12,2023-W45,553.629855657977,ERVISS
ES,2023-11-05,2023-W44,430.882280747366,ERVISS
ES,2023-10-29,2023-W43,467.441906546295,ERVISS
ES,2023-10-22,2023-W42,452.65097008354,ERVISS
ES,2023-10-15,2023-W41,392.727439675713,ERVISS
ES,2023-10-08,2023-W40,495.78265452140494,ERVISS
ES,2023-10-01,2023-W39,668.739260875093,ERVISS
ES,2023-09-24,2023-W38,581.917666651149,ERVISS
ES,2023-09-17,2023-W37,424.415400642013,ERVISS
ES,2023-09-10,2023-W36,407.17080254643906,ERVISS
ES,2023-09-03,2023-W35,427.08239411782,ERVISS
ES,2023-08-27,2023-W34,355.936735494161,ERVISS
ES,2023-08-20,2023-W33,352.818116870647,ERVISS
ES,2023-08-13,2023-W32,360.37816150297,ERVISS
ES,2023-08-06,2023-W31,379.926315085664,ERVISS
ES,2023-07-30,2023-W30,359.210349730497,ERVISS
ES,2023-07-23,2023-W29,331.174850176698,ERVISS
ES,2023-07-16,2023-W28,309.571462634906,ERVISS
ES,2023-07-09,2023-W27,311.37255516053,ERVISS
ES,2023-07-02,2023-W26,322.684164449795,ERVISS
ES,2023-06-25,2023-W25,350.146817099401,ERVISS
ES,2023-06-18,2023-W24,382.577067711016,ERVISS
ES,2023-06-11,2023-W23,426.89982514343507,ERVISS
ES,2023-06-04,2023-W22,491.163280511506,ERVISS
ES,2023-05-28,2023-W21,538.716847888203,ERVISS
ES,2023-05-21,2023-W20,535.590257619547,ERVISS
ES,2023-05-14,2023-W19,523.813434274276,ERVISS
ES,2023-05-07,2023-W18,480.425981623078,ERVISS
ES,2023-04-30,2023-W17,524.973212202991,ERVISS
ES,2023-04-23,2023-W16,558.686581231623,ERVISS
ES,2023-04-16,2023-W15,564.794487626323,ERVISS
ES,2023-04-09,2023-W14,488.097465473781,ERVISS
ES,2023-04-02,2023-W13,661.17413059117,ERVISS
ES,2023-03-26,2023-W12,730.10831902478,ERVISS
ES,2023-03-19,2023-W11,804.2025309135419,ERVISS
ES,2023-03-12,2023-W10,960.0499755117108,ERVISS
ES,2023-03-05,2023-W09,953.353008946276,ERVISS
ES,2023-02-26,2023-W08,1031.01615715852,ERVISS
ES,2023-02-19,2023-W07,1035.3474385815,ERVISS
ES,2023-02-12,2023-W06,1079.81509551688,ERVISS
ES,2023-02-05,2023-W05,1007.19990113468,ERVISS
ES,2023-01-29,2023-W04,868.525880359377,ERVISS
ES,2023-01-22,2023-W03,858.021790362684,ERVISS
ES,2023-01-15,2023-W02,958.9734273085348,ERVISS
ES,2023-01-08,2023-W01,844.096897151039,ERVISS
ES,2023-01-01,2022-W52,946.583449452999,ERVISS
ES,2022-12-25,2022-W51,1075.71285173971,ERVISS
ES,2022-12-18,2022-W50,1163.35363349752,ERVISS
ES,2022-12-11,2022-W49,918.694700567691,ERVISS
ES,2022-12-04,2022-W48,1164.60407788687,ERVISS
ES,2022-11-27,2022-W47,1113.2796078567,ERVISS
ES,2022-11-20,2022-W46,1038.83057494921,ERVISS
ES,2022-11-13,2022-W45,928.3759700785212,ERVISS
ES,2022-11-06,2022-W44,751.9528649684951,ERVISS
ES,2022-10-30,2022-W43,791.9439381303,ERVISS
ES,2022-10-23,2022-W42,813.4769588031659,ERVISS
ES,2022-10-16,2022-W41,738.719557484613,ERVISS
ES,2022-10-09,2022-W40,831.810170341031,ERVISS
ES,2022-10-02,2022-W39,600.623038827014,ERVISS
ES,2022-09-25,2022-W38,490.431538391318,ERVISS
ES,2022-09-18,2022-W37,346.899888710504,ERVISS
ES,2022-09-11,2022-W36,287.216184821732,ERVISS
ES,2022-09-04,2022-W35,299.84730356192,ERVISS
ES,2022-08-28,2022-W34,304.114197766627,ERVISS
ES,2022-08-21,2022-W33,273.106246721997,ERVISS
ES,2022-08-14,2022-W32,307.572188900605,ERVISS
ES,2022-08-07,2022-W31,333.982457199576,ERVISS
ES,2022-07-31,2022-W30,381.057234862836,ERVISS
ES,2022-07-24,2022-W29,474.261019688712,ERVISS
ES,2022-07-17,2022-W28,621.820938264036,ERVISS
ES,2022-07-10,2022-W27,804.19502371458,ERVISS
ES,2022-07-03,2022-W26,855.590674573408,ERVISS
ES,2022-06-26,2022-W25,684.380250426831,ERVISS
