origin_date,target,horizon,target_end_date,location,output_type,output_type_id,value
2024-02-14,ARI incidence,1,2024-02-11,BE,quantile,0.010,1197.8
2024-02-14,ARI incidence,1,2024-02-11,BE,quantile,0.025,1197.8
2024-02-14,ARI incidence,1,2024-02-11,BE,quantile,0.050,1408.1
2024-02-14,ARI incidence,1,2024-02-11,BE,quantile,0.100,1426.7
2024-02-14,ARI incidence,1,2024-02-11,BE,quantile,0.150,1548.7
2024-02-14,ARI incidence,1,2024-02-11,BE,quantile,0.200,1557.5
2024-02-14,ARI incidence,1,2024-02-11,BE,quantile,0.250,1581.8
2024-02-14,ARI incidence,1,2024-02-11,BE,quantile,0.300,1581.8999999999999
2024-02-14,ARI incidence,1,2024-02-11,BE,quantile,0.350,1649.3
2024-02-14,ARI incidence,1,2024-02-11,BE,quantile,0.400,1662.8
2024-02-14,ARI incidence,1,2024-02-11,BE,quantile,0.450,1681.8
2024-02-14,ARI incidence,1,2024-02-11,BE,quantile,0.500,1686.5
2024-02-14,ARI incidence,1,2024-02-11,BE,quantile,0.550,1828.8
2024-02-14,ARI incidence,1,2024-02-11,BE,quantile,0.600,1829.3
2024-02-14,ARI incidence,1,2024-02-11,BE,quantile,0.650,1861.3
2024-02-14,ARI incidence,1,2024-02-11,BE,quantile,0.700,1895.7
2024-02-14,ARI incidence,1,2024-02-11,BE,quantile,0.750,1928.8
2024-02-14,ARI incidence,1,2024-02-11,BE,quantile,0.800,1949.3
2024-02-14,ARI incidence,1,2024-02-11,BE,quantile,0.850,1961.8999999999999
2024-02-14,ARI incidence,1,2024-02-11,BE,quantile,0.900,2083.5
2024-02-14,ARI incidence,1,2024-02-11,BE,quantile,0.950,2102.5
2024-02-14,ARI incidence,1,2024-02-11,BE,quantile,0.975,2312.8
2024-02-14,ARI incidence,1,2024-02-11,BE,quantile,0.990,2312.8
2024-02-14,ARI incidence,1,2024-02-11,BE,median,,1686.5
2024-02-14,ARI incidence,2,2024-02-18,BE,quantile,0.010,991.2
2024-02-14,ARI incidence,2,2024-02-18,BE,quantile,0.025,1079.5
2024-02-14,ARI incidence,2,2024-02-18,BE,quantile,0.050,1214.1
2024-02-14,ARI incidence,2,2024-02-18,BE,quantile,0.100,1303.8
2024-02-14,ARI incidence,2,2024-02-18,BE,quantile,0.150,1375.2
2024-02-14,ARI incidence,2,2024-02-18,BE,quantile,0.200,1475.2
2024-02-14,ARI incidence,2,2024-02-18,BE,quantile,0.250,1507.8999999999999
2024-02-14,ARI incidence,2,2024-02-18,BE,quantile,0.300,1567.5
2024-02-14,ARI incidence,2,2024-02-18,BE,quantile,0.350,1620.7
2024-02-14,ARI incidence,2,2024-02-18,BE,quantile,0.400,1655.8
2024-02-14,ARI incidence,2,2024-02-18,BE,quantile,0.450,1731.0
2024-02-14,ARI incidence,2,2024-02-18,BE,quantile,0.500,1755.3
2024-02-14,ARI incidence,2,2024-02-18,BE,quantile,0.550,1774.3
2024-02-14,ARI incidence,2,2024-02-18,BE,quantile,0.600,1836.3
2024-02-14,ARI incidence,2,2024-02-18,BE,quantile,0.650,1886.1
2024-02-14,ARI incidence,2,2024-02-18,BE,quantile,0.700,1934.8
2024-02-14,ARI incidence,2,2024-02-18,BE,quantile,0.750,2002.3
2024-02-14,ARI incidence,2,2024-02-18,BE,quantile,0.800,2034.7
2024-02-14,ARI incidence,2,2024-02-18,BE,quantile,0.850,2126.5
2024-02-14,ARI incidence,2,2024-02-18,BE,quantile,0.900,2189.8999999999996
2024-02-14,ARI incidence,2,2024-02-18,BE,quantile,0.950,2290.1
2024-02-14,ARI incidence,2,2024-02-18,BE,quantile,0.975,2430.7
2024-02-14,ARI incidence,2,2024-02-18,BE,quantile,0.990,2519.3999999999996
2024-02-14,ARI incidence,2,2024-02-18,BE,median,,1755.3
2024-02-14,ARI incidence,3,2024-02-25,BE,quantile,0.010,777.0999999999999
2024-02-14,ARI incidence,3,2024-02-25,BE,quantile,0.025,939.0824999999999
2024-02-14,ARI incidence,3,2024-02-25,BE,quantile,0.050,1060.2
2024-02-14,ARI incidence,3,2024-02-25,BE,quantile,0.100,1201.8999999999999
2024-02-14,ARI incidence,3,2024-02-25,BE,quantile,0.150,1311.8999999999999
2024-02-14,ARI incidence,3,2024-02-25,BE,quantile,0.200,1402.8999999999999
2024-02-14,ARI incidence,3,2024-02-25,BE,quantile,0.250,1456.6
2024-02-14,ARI incidence,3,2024-02-25,BE,quantile,0.300,1533.9999999999998
2024-02-14,ARI incidence,3,2024-02-25,BE,quantile,0.350,1581.8999999999999
2024-02-14,ARI incidence,3,2024-02-25,BE,quantile,0.400,1650.3
2024-02-14,ARI incidence,3,2024-02-25,BE,quantile,0.450,1693.21
2024-02-14,ARI incidence,3,2024-02-25,BE,quantile,0.500,1748.9499999999998
2024-02-14,ARI incidence,3,2024-02-25,BE,quantile,0.550,1811.1
2024-02-14,ARI incidence,3,2024-02-25,BE,quantile,0.600,1859.8399999999997
2024-02-14,ARI incidence,3,2024-02-25,BE,quantile,0.650,1928.7
2024-02-14,ARI incidence,3,2024-02-25,BE,quantile,0.700,1974.5299999999997
2024-02-14,ARI incidence,3,2024-02-25,BE,quantile,0.750,2058.25
2024-02-14,ARI incidence,3,2024-02-25,BE,quantile,0.800,2108.4000000000005
2024-02-14,ARI incidence,3,2024-02-25,BE,quantile,0.850,2203.5
2024-02-14,ARI incidence,3,2024-02-25,BE,quantile,0.900,2309.0
2024-02-14,ARI incidence,3,2024-02-25,BE,quantile,0.950,2451.3999999999996
2024-02-14,ARI incidence,3,2024-02-25,BE,quantile,0.975,2584.1124999999997
2024-02-14,ARI incidence,3,2024-02-25,BE,quantile,0.990,2733.504
2024-02-14,ARI incidence,3,2024-02-25,BE,median,,1748.9499999999998
2024-02-14,ARI incidence,4,2024-03-03,BE,quantile,0.010,622.799
2024-02-14,ARI incidence,4,2024-03-03,BE,quantile,0.025,812.1850000000001
2024-02-14,ARI incidence,4,2024-03-03,BE,quantile,0.050,959.1500000000001
2024-02-14,ARI incidence,4,2024-03-03,BE,quantile,0.100,1120.57
2024-02-14,ARI incidence,4,2024-03-03,BE,quantile,0.150,1237.07
2024-02-14,ARI incidence,4,2024-03-03,BE,quantile,0.200,1337.64
2024-02-14,ARI incidence,4,2024-03-03,BE,quantile,0.250,1421.1
2024-02-14,ARI incidence,4,2024-03-03,BE,quantile,0.300,1496.82
2024-02-14,ARI incidence,4,2024-03-03,BE,quantile,0.350,1566.7549999999997
2024-02-14,ARI incidence,4,2024-03-03,BE,quantile,0.400,1626.0
2024-02-14,ARI incidence,4,2024-03-03,BE,quantile,0.450,1688.8999999999999
2024-02-14,ARI incidence,4,2024-03-03,BE,quantile,0.500,1751.5
2024-02-14,ARI incidence,4,2024-03-03,BE,quantile,0.550,1808.6250000000005
2024-02-14,ARI incidence,4,2024-03-03,BE,quantile,0.600,1877.5199999999998
2024-02-14,ARI incidence,4,2024-03-03,BE,quantile,0.650,1943.4999999999998
2024-02-14,ARI incidence,4,2024-03-03,BE,quantile,0.700,2015.1
2024-02-14,ARI incidence,4,2024-03-03,BE,quantile,0.750,2099.2
2024-02-14,ARI incidence,4,2024-03-03,BE,quantile,0.800,2172.5
2024-02-14,ARI incidence,4,2024-03-03,BE,quantile,0.850,2271.815
2024-02-14,ARI incidence,4,2024-03-03,BE,quantile,0.900,2400.3900000000003
2024-02-14,ARI incidence,4,2024-03-03,BE,quantile,0.950,2563.705
2024-02-14,ARI incidence,4,2024-03-03,BE,quantile,0.975,2717.2099999999996
2024-02-14,ARI incidence,4,2024-03-03,BE,quantile,0.990,2899.7110000000002
2024-02-14,ARI incidence,4,2024-03-03,BE,median,,1751.5
2024-02-14,ARI incidence,1,2024-02-11,BG,quantile,0.010,1091.2
2024-02-14,ARI incidence,1,2024-02-11,BG,quantile,0.025,1091.2
2024-02-14,ARI incidence,1,2024-02-11,BG,quantile,0.050,1236.5
2024-02-14,ARI incidence,1,2024-02-11,BG,quantile,0.100,1461.1
2024-02-14,ARI incidence,1,2024-02-11,BG,quantile,0.150,1571.0
2024-02-14,ARI incidence,1,2024-02-11,BG,quantile,0.200,1591.8
2024-02-14,ARI incidence,1,2024-02-11,BG,quantile,0.250,1604.8
2024-02-14,ARI incidence,1,2024-02-11,BG,quantile,0.300,1666.6000000000001
2024-02-14,ARI incidence,1,2024-02-11,BG,quantile,0.350,1667.2
2024-02-14,ARI incidence,1,2024-02-11,BG,quantile,0.400,1738.3
2024-02-14,ARI incidence,1,2024-02-11,BG,quantile,0.450,1749.8
2024-02-14,ARI incidence,1,2024-02-11,BG,quantile,0.500,1786.5
2024-02-14,ARI incidence,1,2024-02-11,BG,quantile,0.550,1793.2
2024-02-14,ARI incidence,1,2024-02-11,BG,quantile,0.600,1815.6
2024-02-14,ARI incidence,1,2024-02-11,BG,quantile,0.650,1875.8
2024-02-14,ARI incidence,1,2024-02-11,BG,quantile,0.700,1909.1999999999998
2024-02-14,ARI incidence,1,2024-02-11,BG,quantile,0.750,1938.2
2024-02-14,ARI incidence,1,2024-02-11,BG,quantile,0.800,1954.4
2024-02-14,ARI incidence,1,2024-02-11,BG,quantile,0.850,1972.0
2024-02-14,ARI incidence,1,2024-02-11,BG,quantile,0.900,2149.7
2024-02-14,ARI incidence,1,2024-02-11,BG,quantile,0.950,2306.5
2024-02-14,ARI incidence,1,2024-02-11,BG,quantile,0.975,2451.8
2024-02-14,ARI incidence,1,2024-02-11,BG,quantile,0.990,2451.8
2024-02-14,ARI incidence,1,2024-02-11,BG,median,,1786.5
2024-02-14,ARI incidence,2,2024-02-18,BG,quantile,0.010,858.3
2024-02-14,ARI incidence,2,2024-02-18,BG,quantile,0.025,986.3000000000002
2024-02-14,ARI incidence,2,2024-02-18,BG,quantile,0.050,1098.8000000000002
2024-02-14,ARI incidence,2,2024-02-18,BG,quantile,0.100,1269.7
2024-02-14,ARI incidence,2,2024-02-18,BG,quantile,0.150,1404.3
2024-02-14,ARI incidence,2,2024-02-18,BG,quantile,0.200,1469.4
2024-02-14,ARI incidence,2,2024-02-18,BG,quantile,0.250,1555.3999999999999
2024-02-14,ARI incidence,2,2024-02-18,BG,quantile,0.300,1598.7999999999997
2024-02-14,ARI incidence,2,2024-02-18,BG,quantile,0.350,1638.0
2024-02-14,ARI incidence,2,2024-02-18,BG,quantile,0.400,1696.6999999999998
2024-02-14,ARI incidence,2,2024-02-18,BG,quantile,0.450,1742.5
2024-02-14,ARI incidence,2,2024-02-18,BG,quantile,0.500,1771.5
2024-02-14,ARI incidence,2,2024-02-18,BG,quantile,0.550,1805.3
2024-02-14,ARI incidence,2,2024-02-18,BG,quantile,0.600,1854.6999999999998
2024-02-14,ARI incidence,2,2024-02-18,BG,quantile,0.650,1909.6
2024-02-14,ARI incidence,2,2024-02-18,BG,quantile,0.700,1950.3
2024-02-14,ARI incidence,2,2024-02-18,BG,quantile,0.750,1995.5
2024-02-14,ARI incidence,2,2024-02-18,BG,quantile,0.800,2075.9800000000005
2024-02-14,ARI incidence,2,2024-02-18,BG,quantile,0.850,2141.3999999999996
2024-02-14,ARI incidence,2,2024-02-18,BG,quantile,0.900,2282.4
2024-02-14,ARI incidence,2,2024-02-18,BG,quantile,0.950,2444.2
2024-02-14,ARI incidence,2,2024-02-18,BG,quantile,0.975,2589.5
2024-02-14,ARI incidence,2,2024-02-18,BG,quantile,0.990,2762.2
2024-02-14,ARI incidence,2,2024-02-18,BG,median,,1771.5
2024-02-14,ARI incidence,3,2024-02-25,BG,quantile,0.010,600.3000000000002
2024-02-14,ARI incidence,3,2024-02-25,BG,quantile,0.025,817.8999999999999
2024-02-14,ARI incidence,3,2024-02-25,BG,quantile,0.050,981.3
2024-02-14,ARI incidence,3,2024-02-25,BG,quantile,0.100,1174.1
2024-02-14,ARI incidence,3,2024-02-25,BG,quantile,0.150,1295.6
2024-02-14,ARI incidence,3,2024-02-25,BG,quantile,0.200,1392.9
2024-02-14,ARI incidence,3,2024-02-25,BG,quantile,0.250,1461.1
2024-02-14,ARI incidence,3,2024-02-25,BG,quantile,0.300,1541.27
2024-02-14,ARI incidence,3,2024-02-25,BG,quantile,0.350,1604.1
2024-02-14,ARI incidence,3,2024-02-25,BG,quantile,0.400,1666.6000000000001
2024-02-14,ARI incidence,3,2024-02-25,BG,quantile,0.450,1727.4550000000002
2024-02-14,ARI incidence,3,2024-02-25,BG,quantile,0.500,1779.8000000000002
2024-02-14,ARI incidence,3,2024-02-25,BG,quantile,0.550,1831.9
2024-02-14,ARI incidence,3,2024-02-25,BG,quantile,0.600,1893.0
2024-02-14,ARI incidence,3,2024-02-25,BG,quantile,0.650,1951.2
2024-02-14,ARI incidence,3,2024-02-25,BG,quantile,0.700,2015.5
2024-02-14,ARI incidence,3,2024-02-25,BG,quantile,0.750,2087.8999999999996
2024-02-14,ARI incidence,3,2024-02-25,BG,quantile,0.800,2160.7200000000003
2024-02-14,ARI incidence,3,2024-02-25,BG,quantile,0.850,2259.63
2024-02-14,ARI incidence,3,2024-02-25,BG,quantile,0.900,2377.0
2024-02-14,ARI incidence,3,2024-02-25,BG,quantile,0.950,2548.5
2024-02-14,ARI incidence,3,2024-02-25,BG,quantile,0.975,2721.2149999999997
2024-02-14,ARI incidence,3,2024-02-25,BG,quantile,0.990,2927.3160000000007
2024-02-14,ARI incidence,3,2024-02-25,BG,median,,1779.8000000000002
2024-02-14,ARI incidence,4,2024-03-03,BG,quantile,0.010,406.48
2024-02-14,ARI incidence,4,2024-03-03,BG,quantile,0.025,639.8800000000001
2024-02-14,ARI incidence,4,2024-03-03,BG,quantile,0.050,851.0799999999999
2024-02-14,ARI incidence,4,2024-03-03,BG,quantile,0.100,1069.5
2024-02-14,ARI incidence,4,2024-03-03,BG,quantile,0.150,1210.37
2024-02-14,ARI incidence,4,2024-03-03,BG,quantile,0.200,1329.6
2024-02-14,ARI incidence,4,2024-03-03,BG,quantile,0.250,1419.25
2024-02-14,ARI incidence,4,2024-03-03,BG,quantile,0.300,1499.17
2024-02-14,ARI incidence,4,2024-03-03,BG,quantile,0.350,1571.6
2024-02-14,ARI incidence,4,2024-03-03,BG,quantile,0.400,1643.14
2024-02-14,ARI incidence,4,2024-03-03,BG,quantile,0.450,1711.1550000000002
2024-02-14,ARI incidence,4,2024-03-03,BG,quantile,0.500,1775.0
2024-02-14,ARI incidence,4,2024-03-03,BG,quantile,0.550,1842.0
2024-02-14,ARI incidence,4,2024-03-03,BG,quantile,0.600,1914.58
2024-02-14,ARI incidence,4,2024-03-03,BG,quantile,0.650,1985.5
2024-02-14,ARI incidence,4,2024-03-03,BG,quantile,0.700,2064.7099999999996
2024-02-14,ARI incidence,4,2024-03-03,BG,quantile,0.750,2139.55
2024-02-14,ARI incidence,4,2024-03-03,BG,quantile,0.800,2238.3800000000006
2024-02-14,ARI incidence,4,2024-03-03,BG,quantile,0.850,2343.5299999999997
2024-02-14,ARI incidence,4,2024-03-03,BG,quantile,0.900,2490.3300000000004
2024-02-14,ARI incidence,4,2024-03-03,BG,quantile,0.950,2684.7
2024-02-14,ARI incidence,4,2024-03-03,BG,quantile,0.975,2876.7149999999997
2024-02-14,ARI incidence,4,2024-03-03,BG,quantile,0.990,3113.109
2024-02-14,ARI incidence,4,2024-03-03,BG,median,,1775.0
2024-02-14,ARI incidence,1,2024-02-11,CZ,quantile,0.010,1020.9000000000001
2024-02-14,ARI incidence,1,2024-02-11,CZ,quantile,0.025,1020.9000000000001
2024-02-14,ARI incidence,1,2024-02-11,CZ,quantile,0.050,1280.4
2024-02-14,ARI incidence,1,2024-02-11,CZ,quantile,0.100,1419.7
2024-02-14,ARI incidence,1,2024-02-11,CZ,quantile,0.150,1444.6
2024-02-14,ARI incidence,1,2024-02-11,CZ,quantile,0.200,1490.8000000000002
2024-02-14,ARI incidence,1,2024-02-11,CZ,quantile,0.250,1506.2
2024-02-14,ARI incidence,1,2024-02-11,CZ,quantile,0.300,1536.0
2024-02-14,ARI incidence,1,2024-02-11,CZ,quantile,0.350,1547.1
2024-02-14,ARI incidence,1,2024-02-11,CZ,quantile,0.400,1557.9
2024-02-14,ARI incidence,1,2024-02-11,CZ,quantile,0.450,1562.9
2024-02-14,ARI incidence,1,2024-02-11,CZ,quantile,0.500,1604.8
2024-02-14,ARI incidence,1,2024-02-11,CZ,quantile,0.550,1639.1
2024-02-14,ARI incidence,1,2024-02-11,CZ,quantile,0.600,1648.0
2024-02-14,ARI incidence,1,2024-02-11,CZ,quantile,0.650,1654.9
2024-02-14,ARI incidence,1,2024-02-11,CZ,quantile,0.700,1679.3999999999999
2024-02-14,ARI incidence,1,2024-02-11,CZ,quantile,0.750,1695.8
2024-02-14,ARI incidence,1,2024-02-11,CZ,quantile,0.800,1711.1999999999998
2024-02-14,ARI incidence,1,2024-02-11,CZ,quantile,0.850,1757.4
2024-02-14,ARI incidence,1,2024-02-11,CZ,quantile,0.900,1782.3
2024-02-14,ARI incidence,1,2024-02-11,CZ,quantile,0.950,1921.6
2024-02-14,ARI incidence,1,2024-02-11,CZ,quantile,0.975,2181.1
2024-02-14,ARI incidence,1,2024-02-11,CZ,quantile,0.990,2181.1
2024-02-14,ARI incidence,1,2024-02-11,CZ,median,,1604.8
2024-02-14,ARI incidence,2,2024-02-18,CZ,quantile,0.010,864.5
2024-02-14,ARI incidence,2,2024-02-18,CZ,quantile,0.025,967.0
2024-02-14,ARI incidence,2,2024-02-18,CZ,quantile,0.050,1099.3
2024-02-14,ARI incidence,2,2024-02-18,CZ,quantile,0.100,1284.2
2024-02-14,ARI incidence,2,2024-02-18,CZ,quantile,0.150,1354.7
2024-02-14,ARI incidence,2,2024-02-18,CZ,quantile,0.200,1415.6000000000001
2024-02-14,ARI incidence,2,2024-02-18,CZ,quantile,0.250,1457.8000000000002
2024-02-14,ARI incidence,2,2024-02-18,CZ,quantile,0.300,1491.6
2024-02-14,ARI incidence,2,2024-02-18,CZ,quantile,0.350,1515.9
2024-02-14,ARI incidence,2,2024-02-18,CZ,quantile,0.400,1550.8999999999999
2024-02-14,ARI incidence,2,2024-02-18,CZ,quantile,0.450,1579.8
2024-02-14,ARI incidence,2,2024-02-18,CZ,quantile,0.500,1601.0
2024-02-14,ARI incidence,2,2024-02-18,CZ,quantile,0.550,1629.2050000000022
2024-02-14,ARI incidence,2,2024-02-18,CZ,quantile,0.600,1658.7
2024-02-14,ARI incidence,2,2024-02-18,CZ,quantile,0.650,1693.0
2024-02-14,ARI incidence,2,2024-02-18,CZ,quantile,0.700,1720.8000000000002
2024-02-14,ARI incidence,2,2024-02-18,CZ,quantile,0.750,1757.7999999999997
2024-02-14,ARI incidence,2,2024-02-18,CZ,quantile,0.800,1804.4
2024-02-14,ARI incidence,2,2024-02-18,CZ,quantile,0.850,1860.5
2024-02-14,ARI incidence,2,2024-02-18,CZ,quantile,0.900,1959.6999999999998
2024-02-14,ARI incidence,2,2024-02-18,CZ,quantile,0.950,2116.1
2024-02-14,ARI incidence,2,2024-02-18,CZ,quantile,0.975,2228.1
2024-02-14,ARI incidence,2,2024-02-18,CZ,quantile,0.990,2337.5
2024-02-14,ARI incidence,2,2024-02-18,CZ,median,,1601.0
2024-02-14,ARI incidence,3,2024-02-25,CZ,quantile,0.010,752.3999999999999
2024-02-14,ARI incidence,3,2024-02-25,CZ,quantile,0.025,895.5000000000002
2024-02-14,ARI incidence,3,2024-02-25,CZ,quantile,0.050,1020.9000000000001
2024-02-14,ARI incidence,3,2024-02-25,CZ,quantile,0.100,1177.6999999999998
2024-02-14,ARI incidence,3,2024-02-25,CZ,quantile,0.150,1280.4
2024-02-14,ARI incidence,3,2024-02-25,CZ,quantile,0.200,1351.7400000000002
2024-02-14,ARI incidence,3,2024-02-25,CZ,quantile,0.250,1409.5750000000003
2024-02-14,ARI incidence,3,2024-02-25,CZ,quantile,0.300,1454.0
2024-02-14,ARI incidence,3,2024-02-25,CZ,quantile,0.350,1494.1
2024-02-14,ARI incidence,3,2024-02-25,CZ,quantile,0.400,1533.58
2024-02-14,ARI incidence,3,2024-02-25,CZ,quantile,0.450,1567.0000000000002
2024-02-14,ARI incidence,3,2024-02-25,CZ,quantile,0.500,1603.8
2024-02-14,ARI incidence,3,2024-02-25,CZ,quantile,0.550,1639.1
2024-02-14,ARI incidence,3,2024-02-25,CZ,quantile,0.600,1676.3000000000002
2024-02-14,ARI incidence,3,2024-02-25,CZ,quantile,0.650,1717.0000000000002
2024-02-14,ARI incidence,3,2024-02-25,CZ,quantile,0.700,1760.8999999999999
2024-02-14,ARI incidence,3,2024-02-25,CZ,quantile,0.750,1809.7999999999997
2024-02-14,ARI incidence,3,2024-02-25,CZ,quantile,0.800,1863.4
2024-02-14,ARI incidence,3,2024-02-25,CZ,quantile,0.850,1931.9
2024-02-14,ARI incidence,3,2024-02-25,CZ,quantile,0.900,2039.91
2024-02-14,ARI incidence,3,2024-02-25,CZ,quantile,0.950,2188.2
2024-02-14,ARI incidence,3,2024-02-25,CZ,quantile,0.975,2320.5999999999995
2024-02-14,ARI incidence,3,2024-02-25,CZ,quantile,0.990,2463.690000000002
2024-02-14,ARI incidence,3,2024-02-25,CZ,median,,1603.8
2024-02-14,ARI incidence,4,2024-03-03,CZ,quantile,0.010,611.2800000000002
2024-02-14,ARI incidence,4,2024-03-03,CZ,quantile,0.025,797.3000000000003
2024-02-14,ARI incidence,4,2024-03-03,CZ,quantile,0.050,944.3500000000004
2024-02-14,ARI incidence,4,2024-03-03,CZ,quantile,0.100,1109.3899999999999
2024-02-14,ARI incidence,4,2024-03-03,CZ,quantile,0.150,1216.555
2024-02-14,ARI incidence,4,2024-03-03,CZ,quantile,0.200,1304.1799999999998
2024-02-14,ARI incidence,4,2024-03-03,CZ,quantile,0.250,1365.0000000000002
2024-02-14,ARI incidence,4,2024-03-03,CZ,quantile,0.300,1419.32
2024-02-14,ARI incidence,4,2024-03-03,CZ,quantile,0.350,1471.7249999999997
2024-02-14,ARI incidence,4,2024-03-03,CZ,quantile,0.400,1516.76
2024-02-14,ARI incidence,4,2024-03-03,CZ,quantile,0.450,1557.855
2024-02-14,ARI incidence,4,2024-03-03,CZ,quantile,0.500,1604.4999999999998
2024-02-14,ARI incidence,4,2024-03-03,CZ,quantile,0.550,1648.8
2024-02-14,ARI incidence,4,2024-03-03,CZ,quantile,0.600,1694.4
2024-02-14,ARI incidence,4,2024-03-03,CZ,quantile,0.650,1744.835
2024-02-14,ARI incidence,4,2024-03-03,CZ,quantile,0.700,1795.5
2024-02-14,ARI incidence,4,2024-03-03,CZ,quantile,0.750,1851.725
2024-02-14,ARI incidence,4,2024-03-03,CZ,quantile,0.800,1917.8
2024-02-14,ARI incidence,4,2024-03-03,CZ,quantile,0.850,1999.8
2024-02-14,ARI incidence,4,2024-03-03,CZ,quantile,0.900,2104.3100000000004
2024-02-14,ARI incidence,4,2024-03-03,CZ,quantile,0.950,2261.9449999999993
2024-02-14,ARI incidence,4,2024-03-03,CZ,quantile,0.975,2397.6025
2024-02-14,ARI incidence,4,2024-03-03,CZ,quantile,0.990,2583.701
2024-02-14,ARI incidence,4,2024-03-03,CZ,median,,1604.4999999999998
2024-02-14,ARI incidence,1,2024-02-11,EE,quantile,0.010,37.10000000000002
2024-02-14,ARI incidence,1,2024-02-11,EE,quantile,0.025,37.10000000000002
2024-02-14,ARI incidence,1,2024-02-11,EE,quantile,0.050,75.20000000000005
2024-02-14,ARI incidence,1,2024-02-11,EE,quantile,0.100,109.10000000000002
2024-02-14,ARI incidence,1,2024-02-11,EE,quantile,0.150,115.90000000000003
2024-02-14,ARI incidence,1,2024-02-11,EE,quantile,0.200,149.70000000000002
2024-02-14,ARI incidence,1,2024-02-11,EE,quantile,0.250,156.10000000000002
2024-02-14,ARI incidence,1,2024-02-11,EE,quantile,0.300,170.5
2024-02-14,ARI incidence,1,2024-02-11,EE,quantile,0.350,171.3
2024-02-14,ARI incidence,1,2024-02-11,EE,quantile,0.400,185.60000000000002
2024-02-14,ARI incidence,1,2024-02-11,EE,quantile,0.450,201.90000000000003
2024-02-14,ARI incidence,1,2024-02-11,EE,quantile,0.500,209.10000000000002
2024-02-14,ARI incidence,1,2024-02-11,EE,quantile,0.550,215.7
2024-02-14,ARI incidence,1,2024-02-11,EE,quantile,0.600,236.8
2024-02-14,ARI incidence,1,2024-02-11,EE,quantile,0.650,246.3
2024-02-14,ARI incidence,1,2024-02-11,EE,quantile,0.700,254.2
2024-02-14,ARI incidence,1,2024-02-11,EE,quantile,0.750,261.5
2024-02-14,ARI incidence,1,2024-02-11,EE,quantile,0.800,286.0
2024-02-14,ARI incidence,1,2024-02-11,EE,quantile,0.850,301.7
2024-02-14,ARI incidence,1,2024-02-11,EE,quantile,0.900,325.40000000000003
2024-02-14,ARI incidence,1,2024-02-11,EE,quantile,0.950,342.4
2024-02-14,ARI incidence,1,2024-02-11,EE,quantile,0.975,380.5
2024-02-14,ARI incidence,1,2024-02-11,EE,quantile,0.990,380.5
2024-02-14,ARI incidence,1,2024-02-11,EE,median,,209.10000000000002
2024-02-14,ARI incidence,2,2024-02-18,EE,quantile,0.010,0.0
2024-02-14,ARI incidence,2,2024-02-18,EE,quantile,0.025,0.0
2024-02-14,ARI incidence,2,2024-02-18,EE,quantile,0.050,22.500000000000057
2024-02-14,ARI incidence,2,2024-02-18,EE,quantile,0.100,63.700000000000045
2024-02-14,ARI incidence,2,2024-02-18,EE,quantile,0.150,90.60000000000002
2024-02-14,ARI incidence,2,2024-02-18,EE,quantile,0.200,113.50000000000006
2024-02-14,ARI incidence,2,2024-02-18,EE,quantile,0.250,132.3
2024-02-14,ARI incidence,2,2024-02-18,EE,quantile,0.300,150.00000000000003
2024-02-14,ARI incidence,2,2024-02-18,EE,quantile,0.350,168.20000000000002
2024-02-14,ARI incidence,2,2024-02-18,EE,quantile,0.400,181.10000000000002
2024-02-14,ARI incidence,2,2024-02-18,EE,quantile,0.450,195.1
2024-02-14,ARI incidence,2,2024-02-18,EE,quantile,0.500,208.8
2024-02-14,ARI incidence,2,2024-02-18,EE,quantile,0.550,224.0
2024-02-14,ARI incidence,2,2024-02-18,EE,quantile,0.600,240.20000000000005
2024-02-14,ARI incidence,2,2024-02-18,EE,quantile,0.650,254.60000000000002
2024-02-14,ARI incidence,2,2024-02-18,EE,quantile,0.700,272.70000000000005
2024-02-14,ARI incidence,2,2024-02-18,EE,quantile,0.750,287.90000000000003
2024-02-14,ARI incidence,2,2024-02-18,EE,quantile,0.800,308.2
2024-02-14,ARI incidence,2,2024-02-18,EE,quantile,0.850,335.1
2024-02-14,ARI incidence,2,2024-02-18,EE,quantile,0.900,357.6500000000013
2024-02-14,ARI incidence,2,2024-02-18,EE,quantile,0.950,401.5
2024-02-14,ARI incidence,2,2024-02-18,EE,quantile,0.975,433.2
2024-02-14,ARI incidence,2,2024-02-18,EE,quantile,0.990,473.4
2024-02-14,ARI incidence,2,2024-02-18,EE,median,,208.8
2024-02-14,ARI incidence,3,2024-02-25,EE,quantile,0.010,0.0
2024-02-14,ARI incidence,3,2024-02-25,EE,quantile,0.025,0.0
2024-02-14,ARI incidence,3,2024-02-25,EE,quantile,0.050,0.0
2024-02-14,ARI incidence,3,2024-02-25,EE,quantile,0.100,31.160000000000085
2024-02-14,ARI incidence,3,2024-02-25,EE,quantile,0.150,64.90000000000003
2024-02-14,ARI incidence,3,2024-02-25,EE,quantile,0.200,92.19999999999999
2024-02-14,ARI incidence,3,2024-02-25,EE,quantile,0.250,115.30000000000001
2024-02-14,ARI incidence,3,2024-02-25,EE,quantile,0.300,136.89999999999998
2024-02-14,ARI incidence,3,2024-02-25,EE,quantile,0.350,156.10000000000002
2024-02-14,ARI incidence,3,2024-02-25,EE,quantile,0.400,175.16000000000008
2024-02-14,ARI incidence,3,2024-02-25,EE,quantile,0.450,192.90000000000003
2024-02-14,ARI incidence,3,2024-02-25,EE,quantile,0.500,210.15
2024-02-14,ARI incidence,3,2024-02-25,EE,quantile,0.550,229.79999999999998
2024-02-14,ARI incidence,3,2024-02-25,EE,quantile,0.600,247.03999999999996
2024-02-14,ARI incidence,3,2024-02-25,EE,quantile,0.650,264.2
2024-02-14,ARI incidence,3,2024-02-25,EE,quantile,0.700,286.0
2024-02-14,ARI incidence,3,2024-02-25,EE,quantile,0.750,307.525
2024-02-14,ARI incidence,3,2024-02-25,EE,quantile,0.800,329.6
2024-02-14,ARI incidence,3,2024-02-25,EE,quantile,0.850,359.7
2024-02-14,ARI incidence,3,2024-02-25,EE,quantile,0.900,394.61000000000007
2024-02-14,ARI incidence,3,2024-02-25,EE,quantile,0.950,440.51999999999964
2024-02-14,ARI incidence,3,2024-02-25,EE,quantile,0.975,480.69999999999993
2024-02-14,ARI incidence,3,2024-02-25,EE,quantile,0.990,534.6040000000002
2024-02-14,ARI incidence,3,2024-02-25,EE,median,,210.15
2024-02-14,ARI incidence,4,2024-03-03,EE,quantile,0.010,0.0
2024-02-14,ARI incidence,4,2024-03-03,EE,quantile,0.025,0.0
2024-02-14,ARI incidence,4,2024-03-03,EE,quantile,0.050,0.0
2024-02-14,ARI incidence,4,2024-03-03,EE,quantile,0.100,1.2899999999999983
2024-02-14,ARI incidence,4,2024-03-03,EE,quantile,0.150,38.90000000000003
2024-02-14,ARI incidence,4,2024-03-03,EE,quantile,0.200,71.58000000000004
2024-02-14,ARI incidence,4,2024-03-03,EE,quantile,0.250,100.47500000000001
2024-02-14,ARI incidence,4,2024-03-03,EE,quantile,0.300,125.89999999999998
2024-02-14,ARI incidence,4,2024-03-03,EE,quantile,0.350,148.00000000000003
2024-02-14,ARI incidence,4,2024-03-03,EE,quantile,0.400,169.36000000000004
2024-02-14,ARI incidence,4,2024-03-03,EE,quantile,0.450,190.35500000000005
2024-02-14,ARI incidence,4,2024-03-03,EE,quantile,0.500,212.2
2024-02-14,ARI incidence,4,2024-03-03,EE,quantile,0.550,232.84500000000006
2024-02-14,ARI incidence,4,2024-03-03,EE,quantile,0.600,255.1
2024-02-14,ARI incidence,4,2024-03-03,EE,quantile,0.650,275.20000000000005
2024-02-14,ARI incidence,4,2024-03-03,EE,quantile,0.700,297.19999999999993
2024-02-14,ARI incidence,4,2024-03-03,EE,quantile,0.750,320.7
2024-02-14,ARI incidence,4,2024-03-03,EE,quantile,0.800,347.6800000000003
2024-02-14,ARI incidence,4,2024-03-03,EE,quantile,0.850,380.7
2024-02-14,ARI incidence,4,2024-03-03,EE,quantile,0.900,418.8
2024-02-14,ARI incidence,4,2024-03-03,EE,quantile,0.950,478.70499999999987
2024-02-14,ARI incidence,4,2024-03-03,EE,quantile,0.975,523.2174999999997
2024-02-14,ARI incidence,4,2024-03-03,EE,quantile,0.990,581.2040000000002
2024-02-14,ARI incidence,4,2024-03-03,EE,median,,212.2
2024-02-14,ARI incidence,1,2024-02-11,FI,quantile,0.010,926.9000000000001
2024-02-14,ARI incidence,1,2024-02-11,FI,quantile,0.025,926.9000000000001
2024-02-14,ARI incidence,1,2024-02-11,FI,quantile,0.050,959.5
2024-02-14,ARI incidence,1,2024-02-11,FI,quantile,0.100,1480.1999999999998
2024-02-14,ARI incidence,1,2024-02-11,FI,quantile,0.150,1482.8000000000002
2024-02-14,ARI incidence,1,2024-02-11,FI,quantile,0.200,1490.5
2024-02-14,ARI incidence,1,2024-02-11,FI,quantile,0.250,1552.2000000000003
2024-02-14,ARI incidence,1,2024-02-11,FI,quantile,0.300,1704.6
2024-02-14,ARI incidence,1,2024-02-11,FI,quantile,0.350,1710.1
2024-02-14,ARI incidence,1,2024-02-11,FI,quantile,0.400,1736.3000000000002
2024-02-14,ARI incidence,1,2024-02-11,FI,quantile,0.450,1761.4
2024-02-14,ARI incidence,1,2024-02-11,FI,quantile,0.500,1764.9
2024-02-14,ARI incidence,1,2024-02-11,FI,quantile,0.550,1792.6
2024-02-14,ARI incidence,1,2024-02-11,FI,quantile,0.600,1817.6999999999998
2024-02-14,ARI incidence,1,2024-02-11,FI,quantile,0.650,1843.9
2024-02-14,ARI incidence,1,2024-02-11,FI,quantile,0.700,1849.4
2024-02-14,ARI incidence,1,2024-02-11,FI,quantile,0.750,2001.7999999999997
2024-02-14,ARI incidence,1,2024-02-11,FI,quantile,0.800,2063.5
2024-02-14,ARI incidence,1,2024-02-11,FI,quantile,0.850,2071.2
2024-02-14,ARI incidence,1,2024-02-11,FI,quantile,0.900,2073.8
2024-02-14,ARI incidence,1,2024-02-11,FI,quantile,0.950,2594.5
2024-02-14,ARI incidence,1,2024-02-11,FI,quantile,0.975,2627.1
2024-02-14,ARI incidence,1,2024-02-11,FI,quantile,0.990,2627.1
2024-02-14,ARI incidence,1,2024-02-11,FI,median,,1764.9
2024-02-14,ARI incidence,2,2024-02-18,FI,quantile,0.010,632.7000000000003
2024-02-14,ARI incidence,2,2024-02-18,FI,quantile,0.025,673.0
2024-02-14,ARI incidence,2,2024-02-18,FI,quantile,0.050,887.0999999999999
2024-02-14,ARI incidence,2,2024-02-18,FI,quantile,0.100,1000.1999999999998
2024-02-14,ARI incidence,2,2024-02-18,FI,quantile,0.150,1246.0
2024-02-14,ARI incidence,2,2024-02-18,FI,quantile,0.200,1418.1
2024-02-14,ARI incidence,2,2024-02-18,FI,quantile,0.250,1492.2999999999997
2024-02-14,ARI incidence,2,2024-02-18,FI,quantile,0.300,1552.6
2024-02-14,ARI incidence,2,2024-02-18,FI,quantile,0.350,1624.6000000000004
2024-02-14,ARI incidence,2,2024-02-18,FI,quantile,0.400,1698.0
2024-02-14,ARI incidence,2,2024-02-18,FI,quantile,0.450,1749.3000000000002
2024-02-14,ARI incidence,2,2024-02-18,FI,quantile,0.500,1777.0
2024-02-14,ARI incidence,2,2024-02-18,FI,quantile,0.550,1805.6
2024-02-14,ARI incidence,2,2024-02-18,FI,quantile,0.600,1856.0
2024-02-14,ARI incidence,2,2024-02-18,FI,quantile,0.650,1923.1999999999998
2024-02-14,ARI incidence,2,2024-02-18,FI,quantile,0.700,2001.4
2024-02-14,ARI incidence,2,2024-02-18,FI,quantile,0.750,2061.7000000000003
2024-02-14,ARI incidence,2,2024-02-18,FI,quantile,0.800,2138.1
2024-02-14,ARI incidence,2,2024-02-18,FI,quantile,0.850,2330.2999999999997
2024-02-14,ARI incidence,2,2024-02-18,FI,quantile,0.900,2554.7
2024-02-14,ARI incidence,2,2024-02-18,FI,quantile,0.950,2694.0
2024-02-14,ARI incidence,2,2024-02-18,FI,quantile,0.975,2888.7
2024-02-14,ARI incidence,2,2024-02-18,FI,quantile,0.990,2921.2999999999997
2024-02-14,ARI incidence,2,2024-02-18,FI,median,,1777.0
2024-02-14,ARI incidence,3,2024-02-25,FI,quantile,0.010,124.96500000000003
2024-02-14,ARI incidence,3,2024-02-25,FI,quantile,0.025,509.89750000000055
2024-02-14,ARI incidence,3,2024-02-25,FI,quantile,0.050,694.0000000000005
2024-02-14,ARI incidence,3,2024-02-25,FI,quantile,0.100,930.4000000000001
2024-02-14,ARI incidence,3,2024-02-25,FI,quantile,0.150,1121.2999999999997
2024-02-14,ARI incidence,3,2024-02-25,FI,quantile,0.200,1253.6000000000004
2024-02-14,ARI incidence,3,2024-02-25,FI,quantile,0.250,1388.1750000000002
2024-02-14,ARI incidence,3,2024-02-25,FI,quantile,0.300,1482.8000000000002
2024-02-14,ARI incidence,3,2024-02-25,FI,quantile,0.350,1554.1999999999998
2024-02-14,ARI incidence,3,2024-02-25,FI,quantile,0.400,1646.4
2024-02-14,ARI incidence,3,2024-02-25,FI,quantile,0.450,1713.6
2024-02-14,ARI incidence,3,2024-02-25,FI,quantile,0.500,1774.0
2024-02-14,ARI incidence,3,2024-02-25,FI,quantile,0.550,1833.6
2024-02-14,ARI incidence,3,2024-02-25,FI,quantile,0.600,1907.6
2024-02-14,ARI incidence,3,2024-02-25,FI,quantile,0.650,1999.8000000000002
2024-02-14,ARI incidence,3,2024-02-25,FI,quantile,0.700,2071.2
2024-02-14,ARI incidence,3,2024-02-25,FI,quantile,0.750,2158.525
2024-02-14,ARI incidence,3,2024-02-25,FI,quantile,0.800,2303.8999999999996
2024-02-14,ARI incidence,3,2024-02-25,FI,quantile,0.850,2448.3
2024-02-14,ARI incidence,3,2024-02-25,FI,quantile,0.900,2627.1
2024-02-14,ARI incidence,3,2024-02-25,FI,quantile,0.950,2868.9
2024-02-14,ARI incidence,3,2024-02-25,FI,quantile,0.975,3146.0999999999995
2024-02-14,ARI incidence,3,2024-02-25,FI,quantile,0.990,3460.2
2024-02-14,ARI incidence,3,2024-02-25,FI,median,,1774.0
2024-02-14,ARI incidence,4,2024-03-03,FI,quantile,0.010,0.0
2024-02-14,ARI incidence,4,2024-03-03,FI,quantile,0.025,290.74500000000023
2024-02-14,ARI incidence,4,2024-03-03,FI,quantile,0.050,573.2749999999997
2024-02-14,ARI incidence,4,2024-03-03,FI,quantile,0.100,832.2199999999999
2024-02-14,ARI incidence,4,2024-03-03,FI,quantile,0.150,996.6999999999998
2024-02-14,ARI incidence,4,2024-03-03,FI,quantile,0.200,1167.1200000000003
2024-02-14,ARI incidence,4,2024-03-03,FI,quantile,0.250,1297.3750000000005
2024-02-14,ARI incidence,4,2024-03-03,FI,quantile,0.300,1419.4
2024-02-14,ARI incidence,4,2024-03-03,FI,quantile,0.350,1509.8299999999988
2024-02-14,ARI incidence,4,2024-03-03,FI,quantile,0.400,1605.5800000000002
2024-02-14,ARI incidence,4,2024-03-03,FI,quantile,0.450,1697.6750000000002
2024-02-14,ARI incidence,4,2024-03-03,FI,quantile,0.500,1778.5500000000002
2024-02-14,ARI incidence,4,2024-03-03,FI,quantile,0.550,1854.2800000000004
2024-02-14,ARI incidence,4,2024-03-03,FI,quantile,0.600,1941.9999999999998
2024-02-14,ARI incidence,4,2024-03-03,FI,quantile,0.650,2028.145
2024-02-14,ARI incidence,4,2024-03-03,FI,quantile,0.700,2123.7000000000003
2024-02-14,ARI incidence,4,2024-03-03,FI,quantile,0.750,2256.7999999999997
2024-02-14,ARI incidence,4,2024-03-03,FI,quantile,0.800,2376.2999999999997
2024-02-14,ARI incidence,4,2024-03-03,FI,quantile,0.850,2552.7149999999997
2024-02-14,ARI incidence,4,2024-03-03,FI,quantile,0.900,2725.25
2024-02-14,ARI incidence,4,2024-03-03,FI,quantile,0.950,2992.674999999999
2024-02-14,ARI incidence,4,2024-03-03,FI,quantile,0.975,3301.9
2024-02-14,ARI incidence,4,2024-03-03,FI,quantile,0.990,3639.2999999999997
2024-02-14,ARI incidence,4,2024-03-03,FI,median,,1778.5500000000002
2024-02-14,ARI incidence,1,2024-02-11,FR,quantile,0.010,385.40000000000003
2024-02-14,ARI incidence,1,2024-02-11,FR,quantile,0.025,385.40000000000003
2024-02-14,ARI incidence,1,2024-02-11,FR,quantile,0.050,418.9
2024-02-14,ARI incidence,1,2024-02-11,FR,quantile,0.100,438.5
2024-02-14,ARI incidence,1,2024-02-11,FR,quantile,0.150,441.6
2024-02-14,ARI incidence,1,2024-02-11,FR,quantile,0.200,467.8
2024-02-14,ARI incidence,1,2024-02-11,FR,quantile,0.250,470.70000000000005
2024-02-14,ARI incidence,1,2024-02-11,FR,quantile,0.300,474.4
2024-02-14,ARI incidence,1,2024-02-11,FR,quantile,0.350,478.3
2024-02-14,ARI incidence,1,2024-02-11,FR,quantile,0.400,493.2
2024-02-14,ARI incidence,1,2024-02-11,FR,quantile,0.450,498.40000000000003
2024-02-14,ARI incidence,1,2024-02-11,FR,quantile,0.500,501.7
2024-02-14,ARI incidence,1,2024-02-11,FR,quantile,0.550,505.2
2024-02-14,ARI incidence,1,2024-02-11,FR,quantile,0.600,507.1
2024-02-14,ARI incidence,1,2024-02-11,FR,quantile,0.650,525.3
2024-02-14,ARI incidence,1,2024-02-11,FR,quantile,0.700,529.2
2024-02-14,ARI incidence,1,2024-02-11,FR,quantile,0.750,532.9
2024-02-14,ARI incidence,1,2024-02-11,FR,quantile,0.800,535.8
2024-02-14,ARI incidence,1,2024-02-11,FR,quantile,0.850,562.0
2024-02-14,ARI incidence,1,2024-02-11,FR,quantile,0.900,584.0999999999999
2024-02-14,ARI incidence,1,2024-02-11,FR,quantile,0.950,584.7
2024-02-14,ARI incidence,1,2024-02-11,FR,quantile,0.975,618.2
2024-02-14,ARI incidence,1,2024-02-11,FR,quantile,0.990,618.2
2024-02-14,ARI incidence,1,2024-02-11,FR,median,,501.7
2024-02-14,ARI incidence,2,2024-02-18,FR,quantile,0.010,328.8
2024-02-14,ARI incidence,2,2024-02-18,FR,quantile,0.025,358.7
2024-02-14,ARI incidence,2,2024-02-18,FR,quantile,0.050,381.875
2024-02-14,ARI incidence,2,2024-02-18,FR,quantile,0.100,408.90000000000003
2024-02-14,ARI incidence,2,2024-02-18,FR,quantile,0.150,419.40000000000003
2024-02-14,ARI incidence,2,2024-02-18,FR,quantile,0.200,441.5
2024-02-14,ARI incidence,2,2024-02-18,FR,quantile,0.250,448.59999999999997
2024-02-14,ARI incidence,2,2024-02-18,FR,quantile,0.300,465.9
2024-02-14,ARI incidence,2,2024-02-18,FR,quantile,0.350,474.29999999999995
2024-02-14,ARI incidence,2,2024-02-18,FR,quantile,0.400,482.80000000000007
2024-02-14,ARI incidence,2,2024-02-18,FR,quantile,0.450,497.9
2024-02-14,ARI incidence,2,2024-02-18,FR,quantile,0.500,501.8
2024-02-14,ARI incidence,2,2024-02-18,FR,quantile,0.550,508.99999999999994
2024-02-14,ARI incidence,2,2024-02-18,FR,quantile,0.600,524.44
2024-02-14,ARI incidence,2,2024-02-18,FR,quantile,0.650,531.1
2024-02-14,ARI incidence,2,2024-02-18,FR,quantile,0.700,539.2
2024-02-14,ARI incidence,2,2024-02-18,FR,quantile,0.750,556.6999999999999
2024-02-14,ARI incidence,2,2024-02-18,FR,quantile,0.800,563.7
2024-02-14,ARI incidence,2,2024-02-18,FR,quantile,0.850,584.6
2024-02-14,ARI incidence,2,2024-02-18,FR,quantile,0.900,596.0
2024-02-14,ARI incidence,2,2024-02-18,FR,quantile,0.950,623.5
2024-02-14,ARI incidence,2,2024-02-18,FR,quantile,0.975,647.4
2024-02-14,ARI incidence,2,2024-02-18,FR,quantile,0.990,674.8
2024-02-14,ARI incidence,2,2024-02-18,FR,median,,501.8
2024-02-14,ARI incidence,3,2024-02-25,FR,quantile,0.010,292.9000000000001
2024-02-14,ARI incidence,3,2024-02-25,FR,quantile,0.025,325.29499999999996
2024-02-14,ARI incidence,3,2024-02-25,FR,quantile,0.050,354.19000000000005
2024-02-14,ARI incidence,3,2024-02-25,FR,quantile,0.100,385.19
2024-02-14,ARI incidence,3,2024-02-25,FR,quantile,0.150,409.4000000000001
2024-02-14,ARI incidence,3,2024-02-25,FR,quantile,0.200,422.19999999999993
2024-02-14,ARI incidence,3,2024-02-25,FR,quantile,0.250,440.99999999999994
2024-02-14,ARI incidence,3,2024-02-25,FR,quantile,0.300,450.70000000000005
2024-02-14,ARI incidence,3,2024-02-25,FR,quantile,0.350,467.50000000000006
2024-02-14,ARI incidence,3,2024-02-25,FR,quantile,0.400,477.9
2024-02-14,ARI incidence,3,2024-02-25,FR,quantile,0.450,492.6
2024-02-14,ARI incidence,3,2024-02-25,FR,quantile,0.500,501.70000000000005
2024-02-14,ARI incidence,3,2024-02-25,FR,quantile,0.550,512.4000000000001
2024-02-14,ARI incidence,3,2024-02-25,FR,quantile,0.600,527.3
2024-02-14,ARI incidence,3,2024-02-25,FR,quantile,0.650,535.8
2024-02-14,ARI incidence,3,2024-02-25,FR,quantile,0.700,552.6
2024-02-14,ARI incidence,3,2024-02-25,FR,quantile,0.750,562.7
2024-02-14,ARI incidence,3,2024-02-25,FR,quantile,0.800,581.6400000000001
2024-02-14,ARI incidence,3,2024-02-25,FR,quantile,0.850,594.5999999999999
2024-02-14,ARI incidence,3,2024-02-25,FR,quantile,0.900,619.2
2024-02-14,ARI incidence,3,2024-02-25,FR,quantile,0.950,651.6999999999999
2024-02-14,ARI incidence,3,2024-02-25,FR,quantile,0.975,680.1075
2024-02-14,ARI incidence,3,2024-02-25,FR,quantile,0.990,708.902
2024-02-14,ARI incidence,3,2024-02-25,FR,median,,501.70000000000005
2024-02-14,ARI incidence,4,2024-03-03,FR,quantile,0.010,263.30000000000007
2024-02-14,ARI incidence,4,2024-03-03,FR,quantile,0.025,297.80000000000007
2024-02-14,ARI incidence,4,2024-03-03,FR,quantile,0.050,328.0999999999999
2024-02-14,ARI incidence,4,2024-03-03,FR,quantile,0.100,363.0000000000001
2024-02-14,ARI incidence,4,2024-03-03,FR,quantile,0.150,390.5000000000001
2024-02-14,ARI incidence,4,2024-03-03,FR,quantile,0.200,413.0
2024-02-14,ARI incidence,4,2024-03-03,FR,quantile,0.250,431.0
2024-02-14,ARI incidence,4,2024-03-03,FR,quantile,0.300,445.86999999999995
2024-02-14,ARI incidence,4,2024-03-03,FR,quantile,0.350,461.2
2024-02-14,ARI incidence,4,2024-03-03,FR,quantile,0.400,474.29999999999995
2024-02-14,ARI incidence,4,2024-03-03,FR,quantile,0.450,486.90000000000003
2024-02-14,ARI incidence,4,2024-03-03,FR,quantile,0.500,501.65
2024-02-14,ARI incidence,4,2024-03-03,FR,quantile,0.550,513.8
2024-02-14,ARI incidence,4,2024-03-03,FR,quantile,0.600,528.7
2024-02-14,ARI incidence,4,2024-03-03,FR,quantile,0.650,540.9000000000001
2024-02-14,ARI incidence,4,2024-03-03,FR,quantile,0.700,558.3
2024-02-14,ARI incidence,4,2024-03-03,FR,quantile,0.750,573.8249999999999
2024-02-14,ARI incidence,4,2024-03-03,FR,quantile,0.800,591.0
2024-02-14,ARI incidence,4,2024-03-03,FR,quantile,0.850,612.1
2024-02-14,ARI incidence,4,2024-03-03,FR,quantile,0.900,640.71
2024-02-14,ARI incidence,4,2024-03-03,FR,quantile,0.950,676.3
2024-02-14,ARI incidence,4,2024-03-03,FR,quantile,0.975,709.9174999999998
2024-02-14,ARI incidence,4,2024-03-03,FR,quantile,0.990,751.1060000000001
2024-02-14,ARI incidence,4,2024-03-03,FR,median,,501.65
2024-02-14,ARI incidence,1,2024-02-11,DE,quantile,0.010,821.0
2024-02-14,ARI incidence,1,2024-02-11,DE,quantile,0.025,821.0
2024-02-14,ARI incidence,1,2024-02-11,DE,quantile,0.050,1399.0
2024-02-14,ARI incidence,1,2024-02-11,DE,quantile,0.100,1765.0
2024-02-14,ARI incidence,1,2024-02-11,DE,quantile,0.150,1831.0
2024-02-14,ARI incidence,1,2024-02-11,DE,quantile,0.200,1850.0
2024-02-14,ARI incidence,1,2024-02-11,DE,quantile,0.250,1929.0
2024-02-14,ARI incidence,1,2024-02-11,DE,quantile,0.300,1942.0
2024-02-14,ARI incidence,1,2024-02-11,DE,quantile,0.350,1998.1
2024-02-14,ARI incidence,1,2024-02-11,DE,quantile,0.400,2012.9
2024-02-14,ARI incidence,1,2024-02-11,DE,quantile,0.450,2088.0
2024-02-14,ARI incidence,1,2024-02-11,DE,quantile,0.500,2089.1
2024-02-14,ARI incidence,1,2024-02-11,DE,quantile,0.550,2102.0
2024-02-14,ARI incidence,1,2024-02-11,DE,quantile,0.600,2164.1
2024-02-14,ARI incidence,1,2024-02-11,DE,quantile,0.650,2191.9
2024-02-14,ARI incidence,1,2024-02-11,DE,quantile,0.700,2210.0
2024-02-14,ARI incidence,1,2024-02-11,DE,quantile,0.750,2261.0
2024-02-14,ARI incidence,1,2024-02-11,DE,quantile,0.800,2307.1
2024-02-14,ARI incidence,1,2024-02-11,DE,quantile,0.850,2359.0
2024-02-14,ARI incidence,1,2024-02-11,DE,quantile,0.900,2398.0
2024-02-14,ARI incidence,1,2024-02-11,DE,quantile,0.950,2791.0
2024-02-14,ARI incidence,1,2024-02-11,DE,quantile,0.975,3369.0
2024-02-14,ARI incidence,1,2024-02-11,DE,quantile,0.990,3369.0
2024-02-14,ARI incidence,1,2024-02-11,DE,median,,2089.1
2024-02-14,ARI incidence,2,2024-02-18,DE,quantile,0.010,557.0
2024-02-14,ARI incidence,2,2024-02-18,DE,quantile,0.025,738.9000000000001
2024-02-14,ARI incidence,2,2024-02-18,DE,quantile,0.050,987.0
2024-02-14,ARI incidence,2,2024-02-18,DE,quantile,0.100,1468.1
2024-02-14,ARI incidence,2,2024-02-18,DE,quantile,0.150,1650.0
2024-02-14,ARI incidence,2,2024-02-18,DE,quantile,0.200,1748.9
2024-02-14,ARI incidence,2,2024-02-18,DE,quantile,0.250,1836.9
2024-02-14,ARI incidence,2,2024-02-18,DE,quantile,0.300,1889.9
2024-02-14,ARI incidence,2,2024-02-18,DE,quantile,0.350,1946.0
2024-02-14,ARI incidence,2,2024-02-18,DE,quantile,0.400,2005.1
2024-02-14,ARI incidence,2,2024-02-18,DE,quantile,0.450,2049.1
2024-02-14,ARI incidence,2,2024-02-18,DE,quantile,0.500,2095.0
2024-02-14,ARI incidence,2,2024-02-18,DE,quantile,0.550,2134.0
2024-02-14,ARI incidence,2,2024-02-18,DE,quantile,0.600,2184.1
2024-02-14,ARI incidence,2,2024-02-18,DE,quantile,0.650,2241.385
2024-02-14,ARI incidence,2,2024-02-18,DE,quantile,0.700,2289.9
2024-02-14,ARI incidence,2,2024-02-18,DE,quantile,0.750,2353.1
2024-02-14,ARI incidence,2,2024-02-18,DE,quantile,0.800,2436.9
2024-02-14,ARI incidence,2,2024-02-18,DE,quantile,0.850,2540.899999999998
2024-02-14,ARI incidence,2,2024-02-18,DE,quantile,0.900,2721.9
2024-02-14,ARI incidence,2,2024-02-18,DE,quantile,0.950,3216.0
2024-02-14,ARI incidence,2,2024-02-18,DE,quantile,0.975,3465.9
2024-02-14,ARI incidence,2,2024-02-18,DE,quantile,0.990,3614.0
2024-02-14,ARI incidence,2,2024-02-18,DE,median,,2095.0
2024-02-14,ARI incidence,3,2024-02-25,DE,quantile,0.010,291.0
2024-02-14,ARI incidence,3,2024-02-25,DE,quantile,0.025,585.9000000000001
2024-02-14,ARI incidence,3,2024-02-25,DE,quantile,0.050,835.8000000000002
2024-02-14,ARI incidence,3,2024-02-25,DE,quantile,0.100,1214.8100000000002
2024-02-14,ARI incidence,3,2024-02-25,DE,quantile,0.150,1458.1
2024-02-14,ARI incidence,3,2024-02-25,DE,quantile,0.200,1619.1
2024-02-14,ARI incidence,3,2024-02-25,DE,quantile,0.250,1728.1999999999998
2024-02-14,ARI incidence,3,2024-02-25,DE,quantile,0.300,1817.0
2024-02-14,ARI incidence,3,2024-02-25,DE,quantile,0.350,1894.8000000000002
2024-02-14,ARI incidence,3,2024-02-25,DE,quantile,0.400,1969.4800000000005
2024-02-14,ARI incidence,3,2024-02-25,DE,quantile,0.450,2028.5400000000002
2024-02-14,ARI incidence,3,2024-02-25,DE,quantile,0.500,2089.1
2024-02-14,ARI incidence,3,2024-02-25,DE,quantile,0.550,2158.1
2024-02-14,ARI incidence,3,2024-02-25,DE,quantile,0.600,2222.4199999999996
2024-02-14,ARI incidence,3,2024-02-25,DE,quantile,0.650,2290.0
2024-02-14,ARI incidence,3,2024-02-25,DE,quantile,0.700,2364.3399999999992
2024-02-14,ARI incidence,3,2024-02-25,DE,quantile,0.750,2457.9
2024-02-14,ARI incidence,3,2024-02-25,DE,quantile,0.800,2559.4600000000014
2024-02-14,ARI incidence,3,2024-02-25,DE,quantile,0.850,2725.1
2024-02-14,ARI incidence,3,2024-02-25,DE,quantile,0.900,3003.0
2024-02-14,ARI incidence,3,2024-02-25,DE,quantile,0.950,3382.0
2024-02-14,ARI incidence,3,2024-02-25,DE,quantile,0.975,3629.9
2024-02-14,ARI incidence,3,2024-02-25,DE,quantile,0.990,3884.1
2024-02-14,ARI incidence,3,2024-02-25,DE,median,,2089.1
2024-02-14,ARI incidence,4,2024-03-03,DE,quantile,0.010,0.0
2024-02-14,ARI incidence,4,2024-03-03,DE,quantile,0.025,385.0999999999999
2024-02-14,ARI incidence,4,2024-03-03,DE,quantile,0.050,656.8650000000001
2024-02-14,ARI incidence,4,2024-03-03,DE,quantile,0.100,1007.99
2024-02-14,ARI incidence,4,2024-03-03,DE,quantile,0.150,1272.07
2024-02-14,ARI incidence,4,2024-03-03,DE,quantile,0.200,1475.08
2024-02-14,ARI incidence,4,2024-03-03,DE,quantile,0.250,1627.975
2024-02-14,ARI incidence,4,2024-03-03,DE,quantile,0.300,1746.07
2024-02-14,ARI incidence,4,2024-03-03,DE,quantile,0.350,1847.1
2024-02-14,ARI incidence,4,2024-03-03,DE,quantile,0.400,1931.0
2024-02-14,ARI incidence,4,2024-03-03,DE,quantile,0.450,2011.1
2024-02-14,ARI incidence,4,2024-03-03,DE,quantile,0.500,2095.0
2024-02-14,ARI incidence,4,2024-03-03,DE,quantile,0.550,2176.1
2024-02-14,ARI incidence,4,2024-03-03,DE,quantile,0.600,2257.9
2024-02-14,ARI incidence,4,2024-03-03,DE,quantile,0.650,2344.9
2024-02-14,ARI incidence,4,2024-03-03,DE,quantile,0.700,2433.9
2024-02-14,ARI incidence,4,2024-03-03,DE,quantile,0.750,2549.4249999999997
2024-02-14,ARI incidence,4,2024-03-03,DE,quantile,0.800,2704.92
2024-02-14,ARI incidence,4,2024-03-03,DE,quantile,0.850,2891.015
2024-02-14,ARI incidence,4,2024-03-03,DE,quantile,0.900,3156.1800000000003
2024-02-14,ARI incidence,4,2024-03-03,DE,quantile,0.950,3516.91
2024-02-14,ARI incidence,4,2024-03-03,DE,quantile,0.975,3770.9074999999984
2024-02-14,ARI incidence,4,2024-03-03,DE,quantile,0.990,4134.1590000000015
2024-02-14,ARI incidence,4,2024-03-03,DE,median,,2095.0
2024-02-14,ARI incidence,1,2024-02-11,HU,quantile,0.010,1853.2000000000003
2024-02-14,ARI incidence,1,2024-02-11,HU,quantile,0.025,1853.2000000000003
2024-02-14,ARI incidence,1,2024-02-11,HU,quantile,0.050,2262.6
2024-02-14,ARI incidence,1,2024-02-11,HU,quantile,0.100,2345.7
2024-02-14,ARI incidence,1,2024-02-11,HU,quantile,0.150,2408.5
2024-02-14,ARI incidence,1,2024-02-11,HU,quantile,0.200,2424.0
2024-02-14,ARI incidence,1,2024-02-11,HU,quantile,0.250,2430.6000000000004
2024-02-14,ARI incidence,1,2024-02-11,HU,quantile,0.300,2456.2000000000003
2024-02-14,ARI incidence,1,2024-02-11,HU,quantile,0.350,2503.8
2024-02-14,ARI incidence,1,2024-02-11,HU,quantile,0.400,2556.9
2024-02-14,ARI incidence,1,2024-02-11,HU,quantile,0.450,2582.2
2024-02-14,ARI incidence,1,2024-02-11,HU,quantile,0.500,2664.0
2024-02-14,ARI incidence,1,2024-02-11,HU,quantile,0.550,3011.4000000000005
2024-02-14,ARI incidence,1,2024-02-11,HU,quantile,0.600,3036.7000000000003
2024-02-14,ARI incidence,1,2024-02-11,HU,quantile,0.650,3044.8
2024-02-14,ARI incidence,1,2024-02-11,HU,quantile,0.700,3137.4
2024-02-14,ARI incidence,1,2024-02-11,HU,quantile,0.750,3163.0
2024-02-14,ARI incidence,1,2024-02-11,HU,quantile,0.800,3169.6000000000004
2024-02-14,ARI incidence,1,2024-02-11,HU,quantile,0.850,3185.1000000000004
2024-02-14,ARI incidence,1,2024-02-11,HU,quantile,0.900,3247.9000000000005
2024-02-14,ARI incidence,1,2024-02-11,HU,quantile,0.950,3331.0000000000005
2024-02-14,ARI incidence,1,2024-02-11,HU,quantile,0.975,3740.4
2024-02-14,ARI incidence,1,2024-02-11,HU,quantile,0.990,3740.4
2024-02-14,ARI incidence,1,2024-02-11,HU,median,,2664.0
2024-02-14,ARI incidence,2,2024-02-18,HU,quantile,0.010,1464.9
2024-02-14,ARI incidence,2,2024-02-18,HU,quantile,0.025,1560.2000000000003
2024-02-14,ARI incidence,2,2024-02-18,HU,quantile,0.050,1889.8
2024-02-14,ARI incidence,2,2024-02-18,HU,quantile,0.100,2042.3000000000002
2024-02-14,ARI incidence,2,2024-02-18,HU,quantile,0.150,2121.2
2024-02-14,ARI incidence,2,2024-02-18,HU,quantile,0.200,2199.6
2024-02-14,ARI incidence,2,2024-02-18,HU,quantile,0.250,2291.2
2024-02-14,ARI incidence,2,2024-02-18,HU,quantile,0.300,2478.5
2024-02-14,ARI incidence,2,2024-02-18,HU,quantile,0.350,2636.6000000000004
2024-02-14,ARI incidence,2,2024-02-18,HU,quantile,0.400,2686.3
2024-02-14,ARI incidence,2,2024-02-18,HU,quantile,0.450,2751.8
2024-02-14,ARI incidence,2,2024-02-18,HU,quantile,0.500,2796.8
2024-02-14,ARI incidence,2,2024-02-18,HU,quantile,0.550,2829.0
2024-02-14,ARI incidence,2,2024-02-18,HU,quantile,0.600,2892.1000000000004
2024-02-14,ARI incidence,2,2024-02-18,HU,quantile,0.650,2954.9000000000005
2024-02-14,ARI incidence,2,2024-02-18,HU,quantile,0.700,3083.0000000000005
2024-02-14,ARI incidence,2,2024-02-18,HU,quantile,0.750,3295.8
2024-02-14,ARI incidence,2,2024-02-18,HU,quantile,0.800,3394.0000000000005
2024-02-14,ARI incidence,2,2024-02-18,HU,quantile,0.850,3472.4000000000005
2024-02-14,ARI incidence,2,2024-02-18,HU,quantile,0.900,3545.6000000000004
2024-02-14,ARI incidence,2,2024-02-18,HU,quantile,0.950,3699.0000000000005
2024-02-14,ARI incidence,2,2024-02-18,HU,quantile,0.975,3988.4
2024-02-14,ARI incidence,2,2024-02-18,HU,quantile,0.990,4123.0
2024-02-14,ARI incidence,2,2024-02-18,HU,median,,2796.8
2024-02-14,ARI incidence,3,2024-02-25,HU,quantile,0.010,1104.4000000000003
2024-02-14,ARI incidence,3,2024-02-25,HU,quantile,0.025,1312.2000000000003
2024-02-14,ARI incidence,3,2024-02-25,HU,quantile,0.050,1629.0
2024-02-14,ARI incidence,3,2024-02-25,HU,quantile,0.100,1811.3000000000002
2024-02-14,ARI incidence,3,2024-02-25,HU,quantile,0.150,1968.4
2024-02-14,ARI incidence,3,2024-02-25,HU,quantile,0.200,2200.6800000000003
2024-02-14,ARI incidence,3,2024-02-25,HU,quantile,0.250,2337.6000000000004
2024-02-14,ARI incidence,3,2024-02-25,HU,quantile,0.300,2418.72
2024-02-14,ARI incidence,3,2024-02-25,HU,quantile,0.350,2491.145
2024-02-14,ARI incidence,3,2024-02-25,HU,quantile,0.400,2563.3
2024-02-14,ARI incidence,3,2024-02-25,HU,quantile,0.450,2649.7000000000003
2024-02-14,ARI incidence,3,2024-02-25,HU,quantile,0.500,2776.9000000000005
2024-02-14,ARI incidence,3,2024-02-25,HU,quantile,0.550,2929.6000000000004
2024-02-14,ARI incidence,3,2024-02-25,HU,quantile,0.600,3028.7599999999993
2024-02-14,ARI incidence,3,2024-02-25,HU,quantile,0.650,3102.0
2024-02-14,ARI incidence,3,2024-02-25,HU,quantile,0.700,3172.8
2024-02-14,ARI incidence,3,2024-02-25,HU,quantile,0.750,3252.5
2024-02-14,ARI incidence,3,2024-02-25,HU,quantile,0.800,3373.9
2024-02-14,ARI incidence,3,2024-02-25,HU,quantile,0.850,3620.8399999999997
2024-02-14,ARI incidence,3,2024-02-25,HU,quantile,0.900,3782.4000000000005
2024-02-14,ARI incidence,3,2024-02-25,HU,quantile,0.950,3961.3
2024-02-14,ARI incidence,3,2024-02-25,HU,quantile,0.975,4248.0
2024-02-14,ARI incidence,3,2024-02-25,HU,quantile,0.990,4469.3
2024-02-14,ARI incidence,3,2024-02-25,HU,median,,2776.9000000000005
2024-02-14,ARI incidence,4,2024-03-03,HU,quantile,0.010,814.5680000000004
2024-02-14,ARI incidence,4,2024-03-03,HU,quantile,0.025,1150.9949999999997
2024-02-14,ARI incidence,4,2024-03-03,HU,quantile,0.050,1389.5749999999998
2024-02-14,ARI incidence,4,2024-03-03,HU,quantile,0.100,1666.6999999999998
2024-02-14,ARI incidence,4,2024-03-03,HU,quantile,0.150,1929.8749999999998
2024-02-14,ARI incidence,4,2024-03-03,HU,quantile,0.200,2073.6000000000004
2024-02-14,ARI incidence,4,2024-03-03,HU,quantile,0.250,2189.55
2024-02-14,ARI incidence,4,2024-03-03,HU,quantile,0.300,2314.2000000000003
2024-02-14,ARI incidence,4,2024-03-03,HU,quantile,0.350,2467.3300000000004
2024-02-14,ARI incidence,4,2024-03-03,HU,quantile,0.400,2616.56
2024-02-14,ARI incidence,4,2024-03-03,HU,quantile,0.450,2710.6
2024-02-14,ARI incidence,4,2024-03-03,HU,quantile,0.500,2796.8
2024-02-14,ARI incidence,4,2024-03-03,HU,quantile,0.550,2886.4000000000005
2024-02-14,ARI incidence,4,2024-03-03,HU,quantile,0.600,2983.8
2024-02-14,ARI incidence,4,2024-03-03,HU,quantile,0.650,3130.145
2024-02-14,ARI incidence,4,2024-03-03,HU,quantile,0.700,3285.2099999999996
2024-02-14,ARI incidence,4,2024-03-03,HU,quantile,0.750,3406.075
2024-02-14,ARI incidence,4,2024-03-03,HU,quantile,0.800,3525.7000000000003
2024-02-14,ARI incidence,4,2024-03-03,HU,quantile,0.850,3654.2700000000004
2024-02-14,ARI incidence,4,2024-03-03,HU,quantile,0.900,3907.1300000000006
2024-02-14,ARI incidence,4,2024-03-03,HU,quantile,0.950,4191.5
2024-02-14,ARI incidence,4,2024-03-03,HU,quantile,0.975,4428.574999999999
2024-02-14,ARI incidence,4,2024-03-03,HU,quantile,0.990,4740.002000000001
2024-02-14,ARI incidence,4,2024-03-03,HU,median,,2796.8
2024-02-14,ARI incidence,1,2024-02-11,LV,quantile,0.010,654.3929999999997
2024-02-14,ARI incidence,1,2024-02-11,LV,quantile,0.025,799.0824999999998
2024-02-14,ARI incidence,1,2024-02-11,LV,quantile,0.050,915.5849999999997
2024-02-14,ARI incidence,1,2024-02-11,LV,quantile,0.100,1059.6699999999998
2024-02-14,ARI incidence,1,2024-02-11,LV,quantile,0.150,1140.5849999999998
2024-02-14,ARI incidence,1,2024-02-11,LV,quantile,0.200,1212.24
2024-02-14,ARI incidence,1,2024-02-11,LV,quantile,0.250,1273.875
2024-02-14,ARI incidence,1,2024-02-11,LV,quantile,0.300,1328.11
2024-02-14,ARI incidence,1,2024-02-11,LV,quantile,0.350,1376.5949999999998
2024-02-14,ARI incidence,1,2024-02-11,LV,quantile,0.400,1426.8999999999999
2024-02-14,ARI incidence,1,2024-02-11,LV,quantile,0.450,1471.9
2024-02-14,ARI incidence,1,2024-02-11,LV,quantile,0.500,1520.2
2024-02-14,ARI incidence,1,2024-02-11,LV,quantile,0.550,1568.0
2024-02-14,ARI incidence,1,2024-02-11,LV,quantile,0.600,1613.3400000000001
2024-02-14,ARI incidence,1,2024-02-11,LV,quantile,0.650,1660.4350000000002
2024-02-14,ARI incidence,1,2024-02-11,LV,quantile,0.700,1711.3
2024-02-14,ARI incidence,1,2024-02-11,LV,quantile,0.750,1764.5
2024-02-14,ARI incidence,1,2024-02-11,LV,quantile,0.800,1830.5
2024-02-14,ARI incidence,1,2024-02-11,LV,quantile,0.850,1901.9
2024-02-14,ARI incidence,1,2024-02-11,LV,quantile,0.900,1997.3200000000002
2024-02-14,ARI incidence,1,2024-02-11,LV,quantile,0.950,2121.4249999999997
2024-02-14,ARI incidence,1,2024-02-11,LV,quantile,0.975,2229.9300000000003
2024-02-14,ARI incidence,1,2024-02-11,LV,quantile,0.990,2387.042000000001
2024-02-14,ARI incidence,1,2024-02-11,LV,median,,1520.2
2024-02-14,ARI incidence,2,2024-02-18,LV,quantile,0.010,588.5999999999997
2024-02-14,ARI incidence,2,2024-02-18,LV,quantile,0.025,769.7724999999996
2024-02-14,ARI incidence,2,2024-02-18,LV,quantile,0.050,892.98
2024-02-14,ARI incidence,2,2024-02-18,LV,quantile,0.100,1022.5800000000002
2024-02-14,ARI incidence,2,2024-02-18,LV,quantile,0.150,1115.7849999999999
2024-02-14,ARI incidence,2,2024-02-18,LV,quantile,0.200,1198.7799999999997
2024-02-14,ARI incidence,2,2024-02-18,LV,quantile,0.250,1258.275
2024-02-14,ARI incidence,2,2024-02-18,LV,quantile,0.300,1317.9199999999998
2024-02-14,ARI incidence,2,2024-02-18,LV,quantile,0.350,1372.6000000000001
2024-02-14,ARI incidence,2,2024-02-18,LV,quantile,0.400,1421.8
2024-02-14,ARI incidence,2,2024-02-18,LV,quantile,0.450,1470.255
2024-02-14,ARI incidence,2,2024-02-18,LV,quantile,0.500,1520.0
2024-02-14,ARI incidence,2,2024-02-18,LV,quantile,0.550,1567.9900000000002
2024-02-14,ARI incidence,2,2024-02-18,LV,quantile,0.600,1616.54
2024-02-14,ARI incidence,2,2024-02-18,LV,quantile,0.650,1672.1999999999998
2024-02-14,ARI incidence,2,2024-02-18,LV,quantile,0.700,1727.4
2024-02-14,ARI incidence,2,2024-02-18,LV,quantile,0.750,1783.5
2024-02-14,ARI incidence,2,2024-02-18,LV,quantile,0.800,1850.5200000000004
2024-02-14,ARI incidence,2,2024-02-18,LV,quantile,0.850,1927.9
2024-02-14,ARI incidence,2,2024-02-18,LV,quantile,0.900,2020.0
2024-02-14,ARI incidence,2,2024-02-18,LV,quantile,0.950,2163.4050000000007
2024-02-14,ARI incidence,2,2024-02-18,LV,quantile,0.975,2286.6050000000005
2024-02-14,ARI incidence,2,2024-02-18,LV,quantile,0.990,2431.8070000000002
2024-02-14,ARI incidence,2,2024-02-18,LV,median,,1520.0
2024-02-14,ARI incidence,3,2024-02-25,LV,quantile,0.010,542.8869999999996
2024-02-14,ARI incidence,3,2024-02-25,LV,quantile,0.025,704.6974999999996
2024-02-14,ARI incidence,3,2024-02-25,LV,quantile,0.050,848.8999999999999
2024-02-14,ARI incidence,3,2024-02-25,LV,quantile,0.100,993.0899999999999
2024-02-14,ARI incidence,3,2024-02-25,LV,quantile,0.150,1102.7699999999998
2024-02-14,ARI incidence,3,2024-02-25,LV,quantile,0.200,1183.26
2024-02-14,ARI incidence,3,2024-02-25,LV,quantile,0.250,1249.675
2024-02-14,ARI incidence,3,2024-02-25,LV,quantile,0.300,1309.7999999999997
2024-02-14,ARI incidence,3,2024-02-25,LV,quantile,0.350,1369.0000000000002
2024-02-14,ARI incidence,3,2024-02-25,LV,quantile,0.400,1419.8
2024-02-14,ARI incidence,3,2024-02-25,LV,quantile,0.450,1470.7
2024-02-14,ARI incidence,3,2024-02-25,LV,quantile,0.500,1522.6999999999998
2024-02-14,ARI incidence,3,2024-02-25,LV,quantile,0.550,1569.8999999999999
2024-02-14,ARI incidence,3,2024-02-25,LV,quantile,0.600,1625.64
2024-02-14,ARI incidence,3,2024-02-25,LV,quantile,0.650,1682.3000000000002
2024-02-14,ARI incidence,3,2024-02-25,LV,quantile,0.700,1735.7899999999997
2024-02-14,ARI incidence,3,2024-02-25,LV,quantile,0.750,1801.2250000000001
2024-02-14,ARI incidence,3,2024-02-25,LV,quantile,0.800,1867.4
2024-02-14,ARI incidence,3,2024-02-25,LV,quantile,0.850,1947.215
2024-02-14,ARI incidence,3,2024-02-25,LV,quantile,0.900,2047.4300000000003
2024-02-14,ARI incidence,3,2024-02-25,LV,quantile,0.950,2193.4199999999996
2024-02-14,ARI incidence,3,2024-02-25,LV,quantile,0.975,2327.1050000000005
2024-02-14,ARI incidence,3,2024-02-25,LV,quantile,0.990,2495.7180000000008
2024-02-14,ARI incidence,3,2024-02-25,LV,median,,1522.6999999999998
2024-02-14,ARI incidence,4,2024-03-03,LV,quantile,0.010,487.1879999999998
2024-02-14,ARI incidence,4,2024-03-03,LV,quantile,0.025,668.1999999999998
2024-02-14,ARI incidence,4,2024-03-03,LV,quantile,0.050,809.7999999999997
2024-02-14,ARI incidence,4,2024-03-03,LV,quantile,0.100,970.45
2024-02-14,ARI incidence,4,2024-03-03,LV,quantile,0.150,1078.8849999999998
2024-02-14,ARI incidence,4,2024-03-03,LV,quantile,0.200,1165.9
2024-02-14,ARI incidence,4,2024-03-03,LV,quantile,0.250,1237.6999999999998
2024-02-14,ARI incidence,4,2024-03-03,LV,quantile,0.300,1300.17
2024-02-14,ARI incidence,4,2024-03-03,LV,quantile,0.350,1357.7299999999998
2024-02-14,ARI incidence,4,2024-03-03,LV,quantile,0.400,1414.7000000000003
2024-02-14,ARI incidence,4,2024-03-03,LV,quantile,0.450,1468.3
2024-02-14,ARI incidence,4,2024-03-03,LV,quantile,0.500,1519.1
2024-02-14,ARI incidence,4,2024-03-03,LV,quantile,0.550,1573.9450000000002
2024-02-14,ARI incidence,4,2024-03-03,LV,quantile,0.600,1635.3000000000002
2024-02-14,ARI incidence,4,2024-03-03,LV,quantile,0.650,1688.9050000000002
2024-02-14,ARI incidence,4,2024-03-03,LV,quantile,0.700,1750.53
2024-02-14,ARI incidence,4,2024-03-03,LV,quantile,0.750,1812.125
2024-02-14,ARI incidence,4,2024-03-03,LV,quantile,0.800,1881.7400000000005
2024-02-14,ARI incidence,4,2024-03-03,LV,quantile,0.850,1967.3600000000001
2024-02-14,ARI incidence,4,2024-03-03,LV,quantile,0.900,2067.32
2024-02-14,ARI incidence,4,2024-03-03,LV,quantile,0.950,2229.5099999999998
2024-02-14,ARI incidence,4,2024-03-03,LV,quantile,0.975,2365.13
2024-02-14,ARI incidence,4,2024-03-03,LV,quantile,0.990,2525.8180000000007
2024-02-14,ARI incidence,4,2024-03-03,LV,median,,1519.1
2024-02-14,ARI incidence,1,2024-02-11,LT,quantile,0.010,941.8
2024-02-14,ARI incidence,1,2024-02-11,LT,quantile,0.025,941.8
2024-02-14,ARI incidence,1,2024-02-11,LT,quantile,0.050,1092.0
2024-02-14,ARI incidence,1,2024-02-11,LT,quantile,0.100,1262.8
2024-02-14,ARI incidence,1,2024-02-11,LT,quantile,0.150,1342.8000000000002
2024-02-14,ARI incidence,1,2024-02-11,LT,quantile,0.200,1384.0000000000032
2024-02-14,ARI incidence,1,2024-02-11,LT,quantile,0.250,1400.3000000000002
2024-02-14,ARI incidence,1,2024-02-11,LT,quantile,0.300,1416.3000000000002
2024-02-14,ARI incidence,1,2024-02-11,LT,quantile,0.350,1434.0
2024-02-14,ARI incidence,1,2024-02-11,LT,quantile,0.400,1467.9
2024-02-14,ARI incidence,1,2024-02-11,LT,quantile,0.450,1499.0
2024-02-14,ARI incidence,1,2024-02-11,LT,quantile,0.500,1527.2
2024-02-14,ARI incidence,1,2024-02-11,LT,quantile,0.550,1583.0
2024-02-14,ARI incidence,1,2024-02-11,LT,quantile,0.600,1620.1000000000001
2024-02-14,ARI incidence,1,2024-02-11,LT,quantile,0.650,1648.0
2024-02-14,ARI incidence,1,2024-02-11,LT,quantile,0.700,1678.4
2024-02-14,ARI incidence,1,2024-02-11,LT,quantile,0.750,1681.6999999999998
2024-02-14,ARI incidence,1,2024-02-11,LT,quantile,0.800,1712.0
2024-02-14,ARI incidence,1,2024-02-11,LT,quantile,0.850,1739.1999999999998
2024-02-14,ARI incidence,1,2024-02-11,LT,quantile,0.900,1819.2
2024-02-14,ARI incidence,1,2024-02-11,LT,quantile,0.950,1990.0
2024-02-14,ARI incidence,1,2024-02-11,LT,quantile,0.975,2140.2
2024-02-14,ARI incidence,1,2024-02-11,LT,quantile,0.990,2140.2
2024-02-14,ARI incidence,1,2024-02-11,LT,median,,1527.2
2024-02-14,ARI incidence,2,2024-02-18,LT,quantile,0.010,743.6
2024-02-14,ARI incidence,2,2024-02-18,LT,quantile,0.025,817.1000000000001
2024-02-14,ARI incidence,2,2024-02-18,LT,quantile,0.050,951.3000000000001
2024-02-14,ARI incidence,2,2024-02-18,LT,quantile,0.100,1109.3
2024-02-14,ARI incidence,2,2024-02-18,LT,quantile,0.150,1202.1000000000001
2024-02-14,ARI incidence,2,2024-02-18,LT,quantile,0.200,1263.0
2024-02-14,ARI incidence,2,2024-02-18,LT,quantile,0.250,1327.2000000000003
2024-02-14,ARI incidence,2,2024-02-18,LT,quantile,0.300,1383.8
2024-02-14,ARI incidence,2,2024-02-18,LT,quantile,0.350,1425.9
2024-02-14,ARI incidence,2,2024-02-18,LT,quantile,0.400,1475.6999999999998
2024-02-14,ARI incidence,2,2024-02-18,LT,quantile,0.450,1509.9
2024-02-14,ARI incidence,2,2024-02-18,LT,quantile,0.500,1541.0
2024-02-14,ARI incidence,2,2024-02-18,LT,quantile,0.550,1574.6999999999998
2024-02-14,ARI incidence,2,2024-02-18,LT,quantile,0.600,1614.5
2024-02-14,ARI incidence,2,2024-02-18,LT,quantile,0.650,1661.8
2024-02-14,ARI incidence,2,2024-02-18,LT,quantile,0.700,1703.8
2024-02-14,ARI incidence,2,2024-02-18,LT,quantile,0.750,1757.5000000000002
2024-02-14,ARI incidence,2,2024-02-18,LT,quantile,0.800,1819.0
2024-02-14,ARI incidence,2,2024-02-18,LT,quantile,0.850,1883.0
2024-02-14,ARI incidence,2,2024-02-18,LT,quantile,0.900,1972.7
2024-02-14,ARI incidence,2,2024-02-18,LT,quantile,0.950,2127.4
2024-02-14,ARI incidence,2,2024-02-18,LT,quantile,0.975,2264.8999999999996
2024-02-14,ARI incidence,2,2024-02-18,LT,quantile,0.990,2338.4
2024-02-14,ARI incidence,2,2024-02-18,LT,median,,1541.0
2024-02-14,ARI incidence,3,2024-02-25,LT,quantile,0.010,552.4000000000001
2024-02-14,ARI incidence,3,2024-02-25,LT,quantile,0.025,697.7
2024-02-14,ARI incidence,3,2024-02-25,LT,quantile,0.050,846.59
2024-02-14,ARI incidence,3,2024-02-25,LT,quantile,0.100,1002.5999999999998
2024-02-14,ARI incidence,3,2024-02-25,LT,quantile,0.150,1109.5
2024-02-14,ARI incidence,3,2024-02-25,LT,quantile,0.200,1193.6600000000003
2024-02-14,ARI incidence,3,2024-02-25,LT,quantile,0.250,1269.9000000000003
2024-02-14,ARI incidence,3,2024-02-25,LT,quantile,0.300,1333.8100000000002
2024-02-14,ARI incidence,3,2024-02-25,LT,quantile,0.350,1387.5
2024-02-14,ARI incidence,3,2024-02-25,LT,quantile,0.400,1437.4
2024-02-14,ARI incidence,3,2024-02-25,LT,quantile,0.450,1490.8
2024-02-14,ARI incidence,3,2024-02-25,LT,quantile,0.500,1541.1
2024-02-14,ARI incidence,3,2024-02-25,LT,quantile,0.550,1592.5
2024-02-14,ARI incidence,3,2024-02-25,LT,quantile,0.600,1648.0
2024-02-14,ARI incidence,3,2024-02-25,LT,quantile,0.650,1699.1
2024-02-14,ARI incidence,3,2024-02-25,LT,quantile,0.700,1754.2
2024-02-14,ARI incidence,3,2024-02-25,LT,quantile,0.750,1814.0
2024-02-14,ARI incidence,3,2024-02-25,LT,quantile,0.800,1888.24
2024-02-14,ARI incidence,3,2024-02-25,LT,quantile,0.850,1977.3149999999996
2024-02-14,ARI incidence,3,2024-02-25,LT,quantile,0.900,2085.4
2024-02-14,ARI incidence,3,2024-02-25,LT,quantile,0.950,2240.1349999999998
2024-02-14,ARI incidence,3,2024-02-25,LT,quantile,0.975,2386.3999999999996
2024-02-14,ARI incidence,3,2024-02-25,LT,quantile,0.990,2555.8
2024-02-14,ARI incidence,3,2024-02-25,LT,median,,1541.1
2024-02-14,ARI incidence,4,2024-03-03,LT,quantile,0.010,435.79999999999995
2024-02-14,ARI incidence,4,2024-03-03,LT,quantile,0.025,591.2874999999998
2024-02-14,ARI incidence,4,2024-03-03,LT,quantile,0.050,749.79
2024-02-14,ARI incidence,4,2024-03-03,LT,quantile,0.100,924.0900000000001
2024-02-14,ARI incidence,4,2024-03-03,LT,quantile,0.150,1046.3700000000001
2024-02-14,ARI incidence,4,2024-03-03,LT,quantile,0.200,1140.0
2024-02-14,ARI incidence,4,2024-03-03,LT,quantile,0.250,1220.0
2024-02-14,ARI incidence,4,2024-03-03,LT,quantile,0.300,1294.7099999999996
2024-02-14,ARI incidence,4,2024-03-03,LT,quantile,0.350,1359.7549999999997
2024-02-14,ARI incidence,4,2024-03-03,LT,quantile,0.400,1427.0200000000004
2024-02-14,ARI incidence,4,2024-03-03,LT,quantile,0.450,1485.2
2024-02-14,ARI incidence,4,2024-03-03,LT,quantile,0.500,1542.15
2024-02-14,ARI incidence,4,2024-03-03,LT,quantile,0.550,1602.7
2024-02-14,ARI incidence,4,2024-03-03,LT,quantile,0.600,1661.84
2024-02-14,ARI incidence,4,2024-03-03,LT,quantile,0.650,1725.6000000000001
2024-02-14,ARI incidence,4,2024-03-03,LT,quantile,0.700,1789.1299999999999
2024-02-14,ARI incidence,4,2024-03-03,LT,quantile,0.750,1868.0
2024-02-14,ARI incidence,4,2024-03-03,LT,quantile,0.800,1947.8999999999999
2024-02-14,ARI incidence,4,2024-03-03,LT,quantile,0.850,2037.03
2024-02-14,ARI incidence,4,2024-03-03,LT,quantile,0.900,2155.3
2024-02-14,ARI incidence,4,2024-03-03,LT,quantile,0.950,2347.9149999999995
2024-02-14,ARI incidence,4,2024-03-03,LT,quantile,0.975,2517.3
2024-02-14,ARI incidence,4,2024-03-03,LT,quantile,0.990,2696.638000000001
2024-02-14,ARI incidence,4,2024-03-03,LT,median,,1542.15
2024-02-14,ARI incidence,1,2024-02-11,RO,quantile,0.010,749.5000000000001
2024-02-14,ARI incidence,1,2024-02-11,RO,quantile,0.025,749.5000000000001
2024-02-14,ARI incidence,1,2024-02-11,RO,quantile,0.050,793.7
2024-02-14,ARI incidence,1,2024-02-11,RO,quantile,0.100,842.4000000000001
2024-02-14,ARI incidence,1,2024-02-11,RO,quantile,0.150,891.4000000000001
2024-02-14,ARI incidence,1,2024-02-11,RO,quantile,0.200,950.1000000000001
2024-02-14,ARI incidence,1,2024-02-11,RO,quantile,0.250,973.7
2024-02-14,ARI incidence,1,2024-02-11,RO,quantile,0.300,996.4000000000001
2024-02-14,ARI incidence,1,2024-02-11,RO,quantile,0.350,1044.0
2024-02-14,ARI incidence,1,2024-02-11,RO,quantile,0.400,1060.3000000000002
2024-02-14,ARI incidence,1,2024-02-11,RO,quantile,0.450,1079.4
2024-02-14,ARI incidence,1,2024-02-11,RO,quantile,0.500,1083.8000000000002
2024-02-14,ARI incidence,1,2024-02-11,RO,quantile,0.550,1100.4
2024-02-14,ARI incidence,1,2024-02-11,RO,quantile,0.600,1115.1000000000001
2024-02-14,ARI incidence,1,2024-02-11,RO,quantile,0.650,1135.8000000000002
2024-02-14,ARI incidence,1,2024-02-11,RO,quantile,0.700,1183.4
2024-02-14,ARI incidence,1,2024-02-11,RO,quantile,0.750,1206.1000000000001
2024-02-14,ARI incidence,1,2024-02-11,RO,quantile,0.800,1260.3000000000002
2024-02-14,ARI incidence,1,2024-02-11,RO,quantile,0.850,1288.4
2024-02-14,ARI incidence,1,2024-02-11,RO,quantile,0.900,1337.4
2024-02-14,ARI incidence,1,2024-02-11,RO,quantile,0.950,1386.1000000000001
2024-02-14,ARI incidence,1,2024-02-11,RO,quantile,0.975,1430.3000000000002
2024-02-14,ARI incidence,1,2024-02-11,RO,quantile,0.990,1430.3000000000002
2024-02-14,ARI incidence,1,2024-02-11,RO,median,,1083.8000000000002
2024-02-14,ARI incidence,2,2024-02-18,RO,quantile,0.010,515.2
2024-02-14,ARI incidence,2,2024-02-18,RO,quantile,0.025,595.2
2024-02-14,ARI incidence,2,2024-02-18,RO,quantile,0.050,677.5
2024-02-14,ARI incidence,2,2024-02-18,RO,quantile,0.100,768.5
2024-02-14,ARI incidence,2,2024-02-18,RO,quantile,0.150,817.5000000000001
2024-02-14,ARI incidence,2,2024-02-18,RO,quantile,0.200,867.6000000000001
2024-02-14,ARI incidence,2,2024-02-18,RO,quantile,0.250,915.5000000000001
2024-02-14,ARI incidence,2,2024-02-18,RO,quantile,0.300,951.2
2024-02-14,ARI incidence,2,2024-02-18,RO,quantile,0.350,985.9000000000001
2024-02-14,ARI incidence,2,2024-02-18,RO,quantile,0.400,1021.6000000000001
2024-02-14,ARI incidence,2,2024-02-18,RO,quantile,0.450,1058.6
2024-02-14,ARI incidence,2,2024-02-18,RO,quantile,0.500,1089.9
2024-02-14,ARI incidence,2,2024-02-18,RO,quantile,0.550,1113.4
2024-02-14,ARI incidence,2,2024-02-18,RO,quantile,0.600,1146.3000000000002
2024-02-14,ARI incidence,2,2024-02-18,RO,quantile,0.650,1182.8000000000002
2024-02-14,ARI incidence,2,2024-02-18,RO,quantile,0.700,1223.6
2024-02-14,ARI incidence,2,2024-02-18,RO,quantile,0.750,1263.2
2024-02-14,ARI incidence,2,2024-02-18,RO,quantile,0.800,1310.6
2024-02-14,ARI incidence,2,2024-02-18,RO,quantile,0.850,1357.9
2024-02-14,ARI incidence,2,2024-02-18,RO,quantile,0.900,1411.3000000000002
2024-02-14,ARI incidence,2,2024-02-18,RO,quantile,0.950,1502.3000000000002
2024-02-14,ARI incidence,2,2024-02-18,RO,quantile,0.975,1570.1
2024-02-14,ARI incidence,2,2024-02-18,RO,quantile,0.990,1664.6000000000001
2024-02-14,ARI incidence,2,2024-02-18,RO,median,,1089.9
2024-02-14,ARI incidence,3,2024-02-25,RO,quantile,0.010,381.29999999999995
2024-02-14,ARI incidence,3,2024-02-25,RO,quantile,0.025,509.07500000000005
2024-02-14,ARI incidence,3,2024-02-25,RO,quantile,0.050,592.1
2024-02-14,ARI incidence,3,2024-02-25,RO,quantile,0.100,701.2900000000001
2024-02-14,ARI incidence,3,2024-02-25,RO,quantile,0.150,773.8000000000001
2024-02-14,ARI incidence,3,2024-02-25,RO,quantile,0.200,834.0400000000002
2024-02-14,ARI incidence,3,2024-02-25,RO,quantile,0.250,883.8000000000002
2024-02-14,ARI incidence,3,2024-02-25,RO,quantile,0.300,929.4000000000001
2024-02-14,ARI incidence,3,2024-02-25,RO,quantile,0.350,973.7
2024-02-14,ARI incidence,3,2024-02-25,RO,quantile,0.400,1013.0000000000001
2024-02-14,ARI incidence,3,2024-02-25,RO,quantile,0.450,1054.1000000000001
2024-02-14,ARI incidence,3,2024-02-25,RO,quantile,0.500,1096.0
2024-02-14,ARI incidence,3,2024-02-25,RO,quantile,0.550,1134.2
2024-02-14,ARI incidence,3,2024-02-25,RO,quantile,0.600,1170.8000000000002
2024-02-14,ARI incidence,3,2024-02-25,RO,quantile,0.650,1211.3000000000002
2024-02-14,ARI incidence,3,2024-02-25,RO,quantile,0.700,1254.8899999999999
2024-02-14,ARI incidence,3,2024-02-25,RO,quantile,0.750,1297.6750000000002
2024-02-14,ARI incidence,3,2024-02-25,RO,quantile,0.800,1351.7200000000003
2024-02-14,ARI incidence,3,2024-02-25,RO,quantile,0.850,1412.9
2024-02-14,ARI incidence,3,2024-02-25,RO,quantile,0.900,1493.8000000000002
2024-02-14,ARI incidence,3,2024-02-25,RO,quantile,0.950,1595.3000000000002
2024-02-14,ARI incidence,3,2024-02-25,RO,quantile,0.975,1681.6374999999994
2024-02-14,ARI incidence,3,2024-02-25,RO,quantile,0.990,1780.8000000000002
2024-02-14,ARI incidence,3,2024-02-25,RO,median,,1096.0
2024-02-14,ARI incidence,4,2024-03-03,RO,quantile,0.010,287.0960000000001
2024-02-14,ARI incidence,4,2024-03-03,RO,quantile,0.025,405.10000000000014
2024-02-14,ARI incidence,4,2024-03-03,RO,quantile,0.050,510.8000000000002
2024-02-14,ARI incidence,4,2024-03-03,RO,quantile,0.100,640.7900000000001
2024-02-14,ARI incidence,4,2024-03-03,RO,quantile,0.150,725.8000000000002
2024-02-14,ARI incidence,4,2024-03-03,RO,quantile,0.200,795.4000000000001
2024-02-14,ARI incidence,4,2024-03-03,RO,quantile,0.250,850.9750000000001
2024-02-14,ARI incidence,4,2024-03-03,RO,quantile,0.300,903.6000000000001
2024-02-14,ARI incidence,4,2024-03-03,RO,quantile,0.350,951.2
2024-02-14,ARI incidence,4,2024-03-03,RO,quantile,0.400,1002.5000000000001
2024-02-14,ARI incidence,4,2024-03-03,RO,quantile,0.450,1044.51
2024-02-14,ARI incidence,4,2024-03-03,RO,quantile,0.500,1089.9
2024-02-14,ARI incidence,4,2024-03-03,RO,quantile,0.550,1134.5
2024-02-14,ARI incidence,4,2024-03-03,RO,quantile,0.600,1177.48
2024-02-14,ARI incidence,4,2024-03-03,RO,quantile,0.650,1224.9
2024-02-14,ARI incidence,4,2024-03-03,RO,quantile,0.700,1276.9
2024-02-14,ARI incidence,4,2024-03-03,RO,quantile,0.750,1330.3000000000002
2024-02-14,ARI incidence,4,2024-03-03,RO,quantile,0.800,1393.6000000000001
2024-02-14,ARI incidence,4,2024-03-03,RO,quantile,0.850,1458.8000000000002
2024-02-14,ARI incidence,4,2024-03-03,RO,quantile,0.900,1543.3500000000004
2024-02-14,ARI incidence,4,2024-03-03,RO,quantile,0.950,1677.12
2024-02-14,ARI incidence,4,2024-03-03,RO,quantile,0.975,1782.9075
2024-02-14,ARI incidence,4,2024-03-03,RO,quantile,0.990,1897.6100000000006
2024-02-14,ARI incidence,4,2024-03-03,RO,median,,1089.9
2024-02-14,ARI incidence,1,2024-02-11,SI,quantile,0.010,1939.5
2024-02-14,ARI incidence,1,2024-02-11,SI,quantile,0.025,1939.5
2024-02-14,ARI incidence,1,2024-02-11,SI,quantile,0.050,2262.6
2024-02-14,ARI incidence,1,2024-02-11,SI,quantile,0.100,2374.0
2024-02-14,ARI incidence,1,2024-02-11,SI,quantile,0.150,2489.5
2024-02-14,ARI incidence,1,2024-02-11,SI,quantile,0.200,2594.3999999999996
2024-02-14,ARI incidence,1,2024-02-11,SI,quantile,0.250,2666.7
2024-02-14,ARI incidence,1,2024-02-11,SI,quantile,0.300,2719.8999999999996
2024-02-14,ARI incidence,1,2024-02-11,SI,quantile,0.350,2781.2000000000003
2024-02-14,ARI incidence,1,2024-02-11,SI,quantile,0.400,2788.5
2024-02-14,ARI incidence,1,2024-02-11,SI,quantile,0.450,2904.8
2024-02-14,ARI incidence,1,2024-02-11,SI,quantile,0.500,2918.6
2024-02-14,ARI incidence,1,2024-02-11,SI,quantile,0.550,2959.2
2024-02-14,ARI incidence,1,2024-02-11,SI,quantile,0.600,2973.1
2024-02-14,ARI incidence,1,2024-02-11,SI,quantile,0.650,3082.7999999999997
2024-02-14,ARI incidence,1,2024-02-11,SI,quantile,0.700,3117.8
2024-02-14,ARI incidence,1,2024-02-11,SI,quantile,0.750,3197.3
2024-02-14,ARI incidence,1,2024-02-11,SI,quantile,0.800,3269.6000000000004
2024-02-14,ARI incidence,1,2024-02-11,SI,quantile,0.850,3374.5
2024-02-14,ARI incidence,1,2024-02-11,SI,quantile,0.900,3490.0
2024-02-14,ARI incidence,1,2024-02-11,SI,quantile,0.950,3601.4
2024-02-14,ARI incidence,1,2024-02-11,SI,quantile,0.975,3924.5
2024-02-14,ARI incidence,1,2024-02-11,SI,quantile,0.990,3924.5
2024-02-14,ARI incidence,1,2024-02-11,SI,median,,2918.6
2024-02-14,ARI incidence,2,2024-02-18,SI,quantile,0.010,1593.2
2024-02-14,ARI incidence,2,2024-02-18,SI,quantile,0.025,1764.3000000000002
2024-02-14,ARI incidence,2,2024-02-18,SI,quantile,0.050,1952.9
2024-02-14,ARI incidence,2,2024-02-18,SI,quantile,0.100,2188.2
2024-02-14,ARI incidence,2,2024-02-18,SI,quantile,0.150,2316.5
2024-02-14,ARI incidence,2,2024-02-18,SI,quantile,0.200,2448.4
2024-02-14,ARI incidence,2,2024-02-18,SI,quantile,0.250,2540.5
2024-02-14,ARI incidence,2,2024-02-18,SI,quantile,0.300,2630.4000000000005
2024-02-14,ARI incidence,2,2024-02-18,SI,quantile,0.350,2705.1
2024-02-14,ARI incidence,2,2024-02-18,SI,quantile,0.400,2773.3999999999996
2024-02-14,ARI incidence,2,2024-02-18,SI,quantile,0.450,2870.6999999999994
2024-02-14,ARI incidence,2,2024-02-18,SI,quantile,0.500,2932.0
2024-02-14,ARI incidence,2,2024-02-18,SI,quantile,0.550,2991.7000000000003
2024-02-14,ARI incidence,2,2024-02-18,SI,quantile,0.600,3076.7000000000003
2024-02-14,ARI incidence,2,2024-02-18,SI,quantile,0.650,3156.2000000000003
2024-02-14,ARI incidence,2,2024-02-18,SI,quantile,0.700,3228.5
2024-02-14,ARI incidence,2,2024-02-18,SI,quantile,0.750,3333.4
2024-02-14,ARI incidence,2,2024-02-18,SI,quantile,0.800,3416.8999999999996
2024-02-14,ARI incidence,2,2024-02-18,SI,quantile,0.850,3531.1
2024-02-14,ARI incidence,2,2024-02-18,SI,quantile,0.900,3659.2
2024-02-14,ARI incidence,2,2024-02-18,SI,quantile,0.950,3911.1
2024-02-14,ARI incidence,2,2024-02-18,SI,quantile,0.975,4099.7
2024-02-14,ARI incidence,2,2024-02-18,SI,quantile,0.990,4270.8
2024-02-14,ARI incidence,2,2024-02-18,SI,median,,2932.0
2024-02-14,ARI incidence,3,2024-02-25,SI,quantile,0.010,1262.1000000000001
2024-02-14,ARI incidence,3,2024-02-25,SI,quantile,0.025,1510.8000000000004
2024-02-14,ARI incidence,3,2024-02-25,SI,quantile,0.050,1736.4750000000004
2024-02-14,ARI incidence,3,2024-02-25,SI,quantile,0.100,2001.1000000000004
2024-02-14,ARI incidence,3,2024-02-25,SI,quantile,0.150,2189.4
2024-02-14,ARI incidence,3,2024-02-25,SI,quantile,0.200,2337.3999999999996
2024-02-14,ARI incidence,3,2024-02-25,SI,quantile,0.250,2453.25
2024-02-14,ARI incidence,3,2024-02-25,SI,quantile,0.300,2558.6600000000003
2024-02-14,ARI incidence,3,2024-02-25,SI,quantile,0.350,2660.1999999999994
2024-02-14,ARI incidence,3,2024-02-25,SI,quantile,0.400,2746.5
2024-02-14,ARI incidence,3,2024-02-25,SI,quantile,0.450,2845.1
2024-02-14,ARI incidence,3,2024-02-25,SI,quantile,0.500,2931.1000000000004
2024-02-14,ARI incidence,3,2024-02-25,SI,quantile,0.550,3019.3000000000006
2024-02-14,ARI incidence,3,2024-02-25,SI,quantile,0.600,3111.3
2024-02-14,ARI incidence,3,2024-02-25,SI,quantile,0.650,3199.9
2024-02-14,ARI incidence,3,2024-02-25,SI,quantile,0.700,3303.2
2024-02-14,ARI incidence,3,2024-02-25,SI,quantile,0.750,3407.375
2024-02-14,ARI incidence,3,2024-02-25,SI,quantile,0.800,3532.3
2024-02-14,ARI incidence,3,2024-02-25,SI,quantile,0.850,3661.1000000000004
2024-02-14,ARI incidence,3,2024-02-25,SI,quantile,0.900,3845.6
2024-02-14,ARI incidence,3,2024-02-25,SI,quantile,0.950,4089.1
2024-02-14,ARI incidence,3,2024-02-25,SI,quantile,0.975,4353.734999999999
2024-02-14,ARI incidence,3,2024-02-25,SI,quantile,0.990,4621.1
2024-02-14,ARI incidence,3,2024-02-25,SI,median,,2931.1000000000004
2024-02-14,ARI incidence,4,2024-03-03,SI,quantile,0.010,972.6229999999999
2024-02-14,ARI incidence,4,2024-03-03,SI,quantile,0.025,1274.2625000000003
2024-02-14,ARI incidence,4,2024-03-03,SI,quantile,0.050,1550.8649999999998
2024-02-14,ARI incidence,4,2024-03-03,SI,quantile,0.100,1865.07
2024-02-14,ARI incidence,4,2024-03-03,SI,quantile,0.150,2077.7
2024-02-14,ARI incidence,4,2024-03-03,SI,quantile,0.200,2232.2999999999997
2024-02-14,ARI incidence,4,2024-03-03,SI,quantile,0.250,2376.2000000000003
2024-02-14,ARI incidence,4,2024-03-03,SI,quantile,0.300,2491.4100000000003
2024-02-14,ARI incidence,4,2024-03-03,SI,quantile,0.350,2612.0000000000005
2024-02-14,ARI incidence,4,2024-03-03,SI,quantile,0.400,2725.1600000000003
2024-02-14,ARI incidence,4,2024-03-03,SI,quantile,0.450,2823.3
2024-02-14,ARI incidence,4,2024-03-03,SI,quantile,0.500,2932.0
2024-02-14,ARI incidence,4,2024-03-03,SI,quantile,0.550,3041.88
2024-02-14,ARI incidence,4,2024-03-03,SI,quantile,0.600,3149.8999999999996
2024-02-14,ARI incidence,4,2024-03-03,SI,quantile,0.650,3250.8999999999996
2024-02-14,ARI incidence,4,2024-03-03,SI,quantile,0.700,3359.8
2024-02-14,ARI incidence,4,2024-03-03,SI,quantile,0.750,3476.725
2024-02-14,ARI incidence,4,2024-03-03,SI,quantile,0.800,3623.4199999999996
2024-02-14,ARI incidence,4,2024-03-03,SI,quantile,0.850,3780.7
2024-02-14,ARI incidence,4,2024-03-03,SI,quantile,0.900,3981.4300000000007
2024-02-14,ARI incidence,4,2024-03-03,SI,quantile,0.950,4258.410000000001
2024-02-14,ARI incidence,4,2024-03-03,SI,quantile,0.975,4552.91
2024-02-14,ARI incidence,4,2024-03-03,SI,quantile,0.990,4885.6
2024-02-14,ARI incidence,4,2024-03-03,SI,median,,2932.0
2024-02-14,ARI incidence,1,2024-02-11,ES,quantile,0.010,296.0
2024-02-14,ARI incidence,1,2024-02-11,ES,quantile,0.025,296.0
2024-02-14,ARI incidence,1,2024-02-11,ES,quantile,0.050,349.79999999999995
2024-02-14,ARI incidence,1,2024-02-11,ES,quantile,0.100,437.9
2024-02-14,ARI incidence,1,2024-02-11,ES,quantile,0.150,438.19999999999993
2024-02-14,ARI incidence,1,2024-02-11,ES,quantile,0.200,495.30000000000007
2024-02-14,ARI incidence,1,2024-02-11,ES,quantile,0.250,518.8000000000001
2024-02-14,ARI incidence,1,2024-02-11,ES,quantile,0.300,519.5999999999999
2024-02-14,ARI incidence,1,2024-02-11,ES,quantile,0.350,521.0
2024-02-14,ARI incidence,1,2024-02-11,ES,quantile,0.400,538.1
2024-02-14,ARI incidence,1,2024-02-11,ES,quantile,0.450,547.4
2024-02-14,ARI incidence,1,2024-02-11,ES,quantile,0.500,576.0999999999999
2024-02-14,ARI incidence,1,2024-02-11,ES,quantile,0.550,576.4
2024-02-14,ARI incidence,1,2024-02-11,ES,quantile,0.600,591.2599999999949
2024-02-14,ARI incidence,1,2024-02-11,ES,quantile,0.650,602.8
2024-02-14,ARI incidence,1,2024-02-11,ES,quantile,0.700,604.5999999999999
2024-02-14,ARI incidence,1,2024-02-11,ES,quantile,0.750,604.9999999999999
2024-02-14,ARI incidence,1,2024-02-11,ES,quantile,0.800,667.2
2024-02-14,ARI incidence,1,2024-02-11,ES,quantile,0.850,685.6
2024-02-14,ARI incidence,1,2024-02-11,ES,quantile,0.900,699.1999999999999
2024-02-14,ARI incidence,1,2024-02-11,ES,quantile,0.950,774.0
2024-02-14,ARI incidence,1,2024-02-11,ES,quantile,0.975,827.8
2024-02-14,ARI incidence,1,2024-02-11,ES,quantile,0.990,827.8
2024-02-14,ARI incidence,1,2024-02-11,ES,median,,576.0999999999999
2024-02-14,ARI incidence,2,2024-02-18,ES,quantile,0.010,172.29999999999995
2024-02-14,ARI incidence,2,2024-02-18,ES,quantile,0.025,244.4999999999999
2024-02-14,ARI incidence,2,2024-02-18,ES,quantile,0.050,300.9
2024-02-14,ARI incidence,2,2024-02-18,ES,quantile,0.100,358.0000000000001
2024-02-14,ARI incidence,2,2024-02-18,ES,quantile,0.150,395.5999999999999
2024-02-14,ARI incidence,2,2024-02-18,ES,quantile,0.200,432.79999999999995
2024-02-14,ARI incidence,2,2024-02-18,ES,quantile,0.250,467.29999999999995
2024-02-14,ARI incidence,2,2024-02-18,ES,quantile,0.300,480.89999999999986
2024-02-14,ARI incidence,2,2024-02-18,ES,quantile,0.350,504.60000000000014
2024-02-14,ARI incidence,2,2024-02-18,ES,quantile,0.400,533.4
2024-02-14,ARI incidence,2,2024-02-18,ES,quantile,0.450,548.6
2024-02-14,ARI incidence,2,2024-02-18,ES,quantile,0.500,561.9
2024-02-14,ARI incidence,2,2024-02-18,ES,quantile,0.550,575.4999999999999
2024-02-14,ARI incidence,2,2024-02-18,ES,quantile,0.600,590.8
2024-02-14,ARI incidence,2,2024-02-18,ES,quantile,0.650,623.3999999999999
2024-02-14,ARI incidence,2,2024-02-18,ES,quantile,0.700,643.3
2024-02-14,ARI incidence,2,2024-02-18,ES,quantile,0.750,656.8999999999999
2024-02-14,ARI incidence,2,2024-02-18,ES,quantile,0.800,699.8
2024-02-14,ARI incidence,2,2024-02-18,ES,quantile,0.850,726.8
2024-02-14,ARI incidence,2,2024-02-18,ES,quantile,0.900,761.2
2024-02-14,ARI incidence,2,2024-02-18,ES,quantile,0.950,822.9
2024-02-14,ARI incidence,2,2024-02-18,ES,quantile,0.975,879.3000000000001
2024-02-14,ARI incidence,2,2024-02-18,ES,quantile,0.990,951.5
2024-02-14,ARI incidence,2,2024-02-18,ES,median,,561.9
2024-02-14,ARI incidence,3,2024-02-25,ES,quantile,0.010,102.39999999999986
2024-02-14,ARI incidence,3,2024-02-25,ES,quantile,0.025,176.19999999999993
2024-02-14,ARI incidence,3,2024-02-25,ES,quantile,0.050,239.19499999999994
2024-02-14,ARI incidence,3,2024-02-25,ES,quantile,0.100,317.10000000000014
2024-02-14,ARI incidence,3,2024-02-25,ES,quantile,0.150,360.6549999999999
2024-02-14,ARI incidence,3,2024-02-25,ES,quantile,0.200,406.06
2024-02-14,ARI incidence,3,2024-02-25,ES,quantile,0.250,435.8
2024-02-14,ARI incidence,3,2024-02-25,ES,quantile,0.300,461.16999999999996
2024-02-14,ARI incidence,3,2024-02-25,ES,quantile,0.350,491.4
2024-02-14,ARI incidence,3,2024-02-25,ES,quantile,0.400,518.3600000000001
2024-02-14,ARI incidence,3,2024-02-25,ES,quantile,0.450,538.1
2024-02-14,ARI incidence,3,2024-02-25,ES,quantile,0.500,562.8
2024-02-14,ARI incidence,3,2024-02-25,ES,quantile,0.550,585.945
2024-02-14,ARI incidence,3,2024-02-25,ES,quantile,0.600,604.9999999999999
2024-02-14,ARI incidence,3,2024-02-25,ES,quantile,0.650,630.6999999999998
2024-02-14,ARI incidence,3,2024-02-25,ES,quantile,0.700,664.2299999999999
2024-02-14,ARI incidence,3,2024-02-25,ES,quantile,0.750,687.4
2024-02-14,ARI incidence,3,2024-02-25,ES,quantile,0.800,719.3
2024-02-14,ARI incidence,3,2024-02-25,ES,quantile,0.850,763.6449999999999
2024-02-14,ARI incidence,3,2024-02-25,ES,quantile,0.900,808.7200000000001
2024-02-14,ARI incidence,3,2024-02-25,ES,quantile,0.950,884.7099999999997
2024-02-14,ARI incidence,3,2024-02-25,ES,quantile,0.975,950.5999999999999
2024-02-14,ARI incidence,3,2024-02-25,ES,quantile,0.990,1025.7
2024-02-14,ARI incidence,3,2024-02-25,ES,median,,562.8
2024-02-14,ARI incidence,4,2024-03-03,ES,quantile,0.010,30.89199999999987
2024-02-14,ARI incidence,4,2024-03-03,ES,quantile,0.025,124.39499999999998
2024-02-14,ARI incidence,4,2024-03-03,ES,quantile,0.050,199.9949999999999
2024-02-14,ARI incidence,4,2024-03-03,ES,quantile,0.100,276.3000000000002
2024-02-14,ARI incidence,4,2024-03-03,ES,quantile,0.150,328.0849999999998
2024-02-14,ARI incidence,4,2024-03-03,ES,quantile,0.200,372.40000000000003
2024-02-14,ARI incidence,4,2024-03-03,ES,quantile,0.250,412.20000000000005
2024-02-14,ARI incidence,4,2024-03-03,ES,quantile,0.300,448.5399999999999
2024-02-14,ARI incidence,4,2024-03-03,ES,quantile,0.350,478.69999999999993
2024-02-14,ARI incidence,4,2024-03-03,ES,quantile,0.400,505.6599999999999
2024-02-14,ARI incidence,4,2024-03-03,ES,quantile,0.450,536.0
2024-02-14,ARI incidence,4,2024-03-03,ES,quantile,0.500,561.9
2024-02-14,ARI incidence,4,2024-03-03,ES,quantile,0.550,587.5999999999999
2024-02-14,ARI incidence,4,2024-03-03,ES,quantile,0.600,617.48
2024-02-14,ARI incidence,4,2024-03-03,ES,quantile,0.650,644.6350000000001
2024-02-14,ARI incidence,4,2024-03-03,ES,quantile,0.700,674.6
2024-02-14,ARI incidence,4,2024-03-03,ES,quantile,0.750,712.5999999999999
2024-02-14,ARI incidence,4,2024-03-03,ES,quantile,0.800,747.9400000000003
2024-02-14,ARI incidence,4,2024-03-03,ES,quantile,0.850,792.6150000000001
2024-02-14,ARI incidence,4,2024-03-03,ES,quantile,0.900,846.2099999999998
2024-02-14,ARI incidence,4,2024-03-03,ES,quantile,0.950,933.1149999999998
2024-02-14,ARI incidence,4,2024-03-03,ES,quantile,0.975,1012.3149999999997
2024-02-14,ARI incidence,4,2024-03-03,ES,quantile,0.990,1099.1080000000002
2024-02-14,ARI incidence,4,2024-03-03,ES,median,,561.9
