origin_date,target_end_date,target,location,output_type,output_type_id,horizon,value
2024-03-06,2024-03-03,ARI incidence,FI,quantile,0.01,1,1028.2801678184646
2024-03-06,2024-03-03,ARI incidence,FI,quantile,0.025,1,1098.253435433858
2024-03-06,2024-03-03,ARI incidence,FI,quantile,0.05,1,1130.3631406315988
2024-03-06,2024-03-03,ARI incidence,FI,quantile,0.1,1,1184.3580777538657
2024-03-06,2024-03-03,ARI incidence,FI,quantile,0.15,1,1208.592712187287
2024-03-06,2024-03-03,ARI incidence,FI,quantile,0.2,1,1229.1730717332534
2024-03-06,2024-03-03,ARI incidence,FI,quantile,0.25,1,1248.6899343242085
2024-03-06,2024-03-03,ARI incidence,FI,quantile,0.3,1,1262.9547928443408
2024-03-06,2024-03-03,ARI incidence,FI,quantile,0.35,1,1274.2179255640644
2024-03-06,2024-03-03,ARI incidence,FI,quantile,0.4,1,1284.473107029611
2024-03-06,2024-03-03,ARI incidence,FI,quantile,0.45,1,1294.4735911352311
2024-03-06,2024-03-03,ARI incidence,FI,quantile,0.5,1,1385.300747003874
2024-03-06,2024-03-03,ARI incidence,FI,quantile,0.55,1,1485.1348866379985
2024-03-06,2024-03-03,ARI incidence,FI,quantile,0.6,1,1495.9730721667809
2024-03-06,2024-03-03,ARI incidence,FI,quantile,0.65,1,1507.7645664310323
2024-03-06,2024-03-03,ARI incidence,FI,quantile,0.7,1,1519.359166991511
2024-03-06,2024-03-03,ARI incidence,FI,quantile,0.75,1,1534.980605066996
2024-03-06,2024-03-03,ARI incidence,FI,quantile,0.8,1,1551.5549002868868
2024-03-06,2024-03-03,ARI incidence,FI,quantile,0.85,1,1579.6014148889935
2024-03-06,2024-03-03,ARI incidence,FI,quantile,0.9,1,1614.138196258586
2024-03-06,2024-03-03,ARI incidence,FI,quantile,0.95,1,1677.6793168763913
2024-03-06,2024-03-03,ARI incidence,FI,quantile,0.975,1,1711.177438799476
2024-03-06,2024-03-03,ARI incidence,FI,quantile,0.99,1,1778.6987024162956
2024-03-06,2024-03-10,ARI incidence,FI,quantile,0.01,2,442.71955725289564
2024-03-06,2024-03-10,ARI incidence,FI,quantile,0.025,2,472.7654912895309
2024-03-06,2024-03-10,ARI incidence,FI,quantile,0.05,2,503.7195749552654
2024-03-06,2024-03-10,ARI incidence,FI,quantile,0.1,2,529.9132114230141
2024-03-06,2024-03-10,ARI incidence,FI,quantile,0.15,2,548.081623097763
2024-03-06,2024-03-10,ARI incidence,FI,quantile,0.2,2,560.9682256914853
2024-03-06,2024-03-10,ARI incidence,FI,quantile,0.25,2,569.2373096588825
2024-03-06,2024-03-10,ARI incidence,FI,quantile,0.3,2,576.7693970103226
2024-03-06,2024-03-10,ARI incidence,FI,quantile,0.35,2,583.9189867308095
2024-03-06,2024-03-10,ARI incidence,FI,quantile,0.4,2,591.1327023823416
2024-03-06,2024-03-10,ARI incidence,FI,quantile,0.45,2,596.9329380044949
2024-03-06,2024-03-10,ARI incidence,FI,quantile,0.5,2,643.5985521629225
2024-03-06,2024-03-10,ARI incidence,FI,quantile,0.55,2,698.0681114931372
2024-03-06,2024-03-10,ARI incidence,FI,quantile,0.6,2,705.9416016887338
2024-03-06,2024-03-10,ARI incidence,FI,quantile,0.65,2,712.3406470613526
2024-03-06,2024-03-10,ARI incidence,FI,quantile,0.7,2,720.9262963644029
2024-03-06,2024-03-10,ARI incidence,FI,quantile,0.75,2,732.2729734309107
2024-03-06,2024-03-10,ARI incidence,FI,quantile,0.8,2,745.4124670203046
2024-03-06,2024-03-10,ARI incidence,FI,quantile,0.85,2,756.4886410396565
2024-03-06,2024-03-10,ARI incidence,FI,quantile,0.9,2,776.5117372130185
2024-03-06,2024-03-10,ARI incidence,FI,quantile,0.95,2,806.8013046285193
2024-03-06,2024-03-10,ARI incidence,FI,quantile,0.975,2,846.3480372587918
2024-03-06,2024-03-10,ARI incidence,FI,quantile,0.99,2,912.5078441367764
2024-03-06,2024-03-17,ARI incidence,FI,quantile,0.01,3,159.60357168791373
2024-03-06,2024-03-17,ARI incidence,FI,quantile,0.025,3,176.8358350876141
2024-03-06,2024-03-17,ARI incidence,FI,quantile,0.05,3,188.87073693519957
2024-03-06,2024-03-17,ARI incidence,FI,quantile,0.1,3,204.18418990524177
2024-03-06,2024-03-17,ARI incidence,FI,quantile,0.15,3,210.3068615468764
2024-03-06,2024-03-17,ARI incidence,FI,quantile,0.2,3,215.95987848226386
2024-03-06,2024-03-17,ARI incidence,FI,quantile,0.25,3,221.17123935735341
2024-03-06,2024-03-17,ARI incidence,FI,quantile,0.3,3,226.05745466657947
2024-03-06,2024-03-17,ARI incidence,FI,quantile,0.35,3,230.45279048956448
2024-03-06,2024-03-17,ARI incidence,FI,quantile,0.4,3,232.71029421699706
2024-03-06,2024-03-17,ARI incidence,FI,quantile,0.45,3,236.04755217773464
2024-03-06,2024-03-17,ARI incidence,FI,quantile,0.5,3,259.61970252070904
2024-03-06,2024-03-17,ARI incidence,FI,quantile,0.55,3,289.2955576806428
2024-03-06,2024-03-17,ARI incidence,FI,quantile,0.6,3,292.3058637112621
2024-03-06,2024-03-17,ARI incidence,FI,quantile,0.65,3,296.367925329237
2024-03-06,2024-03-17,ARI incidence,FI,quantile,0.7,3,300.35863555914744
2024-03-06,2024-03-17,ARI incidence,FI,quantile,0.75,3,305.33878180962296
2024-03-06,2024-03-17,ARI incidence,FI,quantile,0.8,3,311.1173410607188
2024-03-06,2024-03-17,ARI incidence,FI,quantile,0.85,3,319.94323680965726
2024-03-06,2024-03-17,ARI incidence,FI,quantile,0.9,3,329.3047195601431
2024-03-06,2024-03-17,ARI incidence,FI,quantile,0.95,3,344.48088884682073
2024-03-06,2024-03-17,ARI incidence,FI,quantile,0.975,3,359.3109135831728
2024-03-06,2024-03-17,ARI incidence,FI,quantile,0.99,3,375.3295259991813
2024-03-06,2024-03-24,ARI incidence,FI,quantile,0.01,4,55.86768526342752
2024-03-06,2024-03-24,ARI incidence,FI,quantile,0.025,4,63.713176813074895
2024-03-06,2024-03-24,ARI incidence,FI,quantile,0.05,4,68.36501636024106
2024-03-06,2024-03-24,ARI incidence,FI,quantile,0.1,4,73.31851873795833
2024-03-06,2024-03-24,ARI incidence,FI,quantile,0.15,4,76.84454176332221
2024-03-06,2024-03-24,ARI incidence,FI,quantile,0.2,4,79.15307528095286
2024-03-06,2024-03-24,ARI incidence,FI,quantile,0.25,4,80.98834136382669
2024-03-06,2024-03-24,ARI incidence,FI,quantile,0.3,4,82.8940556526376
2024-03-06,2024-03-24,ARI incidence,FI,quantile,0.35,4,84.33914705647526
2024-03-06,2024-03-24,ARI incidence,FI,quantile,0.4,4,85.71920934714022
2024-03-06,2024-03-24,ARI incidence,FI,quantile,0.45,4,87.04462911909756
2024-03-06,2024-03-24,ARI incidence,FI,quantile,0.5,4,99.91000693282601
2024-03-06,2024-03-24,ARI incidence,FI,quantile,0.55,4,113.05446802392059
2024-03-06,2024-03-24,ARI incidence,FI,quantile,0.6,4,114.68967926557565
2024-03-06,2024-03-24,ARI incidence,FI,quantile,0.65,4,116.86318705516022
2024-03-06,2024-03-24,ARI incidence,FI,quantile,0.7,4,118.89760479712541
2024-03-06,2024-03-24,ARI incidence,FI,quantile,0.75,4,121.37413019045222
2024-03-06,2024-03-24,ARI incidence,FI,quantile,0.8,4,123.6673096119171
2024-03-06,2024-03-24,ARI incidence,FI,quantile,0.85,4,126.6830347353008
2024-03-06,2024-03-24,ARI incidence,FI,quantile,0.9,4,132.6602940544243
2024-03-06,2024-03-24,ARI incidence,FI,quantile,0.95,4,144.0096806673143
2024-03-06,2024-03-24,ARI incidence,FI,quantile,0.975,4,153.3318749952583
2024-03-06,2024-03-24,ARI incidence,FI,quantile,0.99,4,162.56862829395
2024-03-06,2024-03-03,ARI incidence,ES,quantile,0.01,1,249.81331706162862
2024-03-06,2024-03-03,ARI incidence,ES,quantile,0.025,1,266.88260782987624
2024-03-06,2024-03-03,ARI incidence,ES,quantile,0.05,1,285.79678510289943
2024-03-06,2024-03-03,ARI incidence,ES,quantile,0.1,1,313.52236021480604
2024-03-06,2024-03-03,ARI incidence,ES,quantile,0.15,1,329.0933808905574
2024-03-06,2024-03-03,ARI incidence,ES,quantile,0.2,1,341.9740824696782
2024-03-06,2024-03-03,ARI incidence,ES,quantile,0.25,1,353.13820652806123
2024-03-06,2024-03-03,ARI incidence,ES,quantile,0.3,1,360.91729404628626
2024-03-06,2024-03-03,ARI incidence,ES,quantile,0.35,1,368.71149098450917
2024-03-06,2024-03-03,ARI incidence,ES,quantile,0.4,1,376.4892623511664
2024-03-06,2024-03-03,ARI incidence,ES,quantile,0.45,1,382.70713087971234
2024-03-06,2024-03-03,ARI incidence,ES,quantile,0.5,1,448.0453696187406
2024-03-06,2024-03-03,ARI incidence,ES,quantile,0.55,1,521.9344345092667
2024-03-06,2024-03-03,ARI incidence,ES,quantile,0.6,1,532.6374843504315
2024-03-06,2024-03-03,ARI incidence,ES,quantile,0.65,1,543.2436127901461
2024-03-06,2024-03-03,ARI incidence,ES,quantile,0.7,1,553.1659741673773
2024-03-06,2024-03-03,ARI incidence,ES,quantile,0.75,1,564.3697407109812
2024-03-06,2024-03-03,ARI incidence,ES,quantile,0.8,1,580.5009681400347
2024-03-06,2024-03-03,ARI incidence,ES,quantile,0.85,1,605.442356225498
2024-03-06,2024-03-03,ARI incidence,ES,quantile,0.9,1,627.8118788554291
2024-03-06,2024-03-03,ARI incidence,ES,quantile,0.95,1,680.2402500965949
2024-03-06,2024-03-03,ARI incidence,ES,quantile,0.975,1,733.569237532549
2024-03-06,2024-03-03,ARI incidence,ES,quantile,0.99,1,801.9153143016251
2024-03-06,2024-03-10,ARI incidence,ES,quantile,0.01,2,202.1974277049526
2024-03-06,2024-03-10,ARI incidence,ES,quantile,0.025,2,220.20058065658992
2024-03-06,2024-03-10,ARI incidence,ES,quantile,0.05,2,248.9763920735077
2024-03-06,2024-03-10,ARI incidence,ES,quantile,0.1,2,274.7250548845733
2024-03-06,2024-03-10,ARI incidence,ES,quantile,0.15,2,293.8541597086121
2024-03-06,2024-03-10,ARI incidence,ES,quantile,0.2,2,303.8553848877835
2024-03-06,2024-03-10,ARI incidence,ES,quantile,0.25,2,315.3938750981007
2024-03-06,2024-03-10,ARI incidence,ES,quantile,0.3,2,325.35277284285286
2024-03-06,2024-03-10,ARI incidence,ES,quantile,0.35,2,333.43694429448504
2024-03-06,2024-03-10,ARI incidence,ES,quantile,0.4,2,340.1786411470002
2024-03-06,2024-03-10,ARI incidence,ES,quantile,0.45,2,347.8291669800862
2024-03-06,2024-03-10,ARI incidence,ES,quantile,0.5,2,423.21748644448115
2024-03-06,2024-03-10,ARI incidence,ES,quantile,0.55,2,512.8159785096245
2024-03-06,2024-03-10,ARI incidence,ES,quantile,0.6,2,524.4369124541464
2024-03-06,2024-03-10,ARI incidence,ES,quantile,0.65,2,535.3727631846168
2024-03-06,2024-03-10,ARI incidence,ES,quantile,0.7,2,548.3483329687418
2024-03-06,2024-03-10,ARI incidence,ES,quantile,0.75,2,564.7443174471663
2024-03-06,2024-03-10,ARI incidence,ES,quantile,0.8,2,583.9297009122425
2024-03-06,2024-03-10,ARI incidence,ES,quantile,0.85,2,604.0834034087526
2024-03-06,2024-03-10,ARI incidence,ES,quantile,0.9,2,644.4755159166737
2024-03-06,2024-03-10,ARI incidence,ES,quantile,0.95,2,698.5024848520432
2024-03-06,2024-03-10,ARI incidence,ES,quantile,0.975,2,736.3818007867933
2024-03-06,2024-03-10,ARI incidence,ES,quantile,0.99,2,808.5910561667787
2024-03-06,2024-03-17,ARI incidence,ES,quantile,0.01,3,162.65065302597353
2024-03-06,2024-03-17,ARI incidence,ES,quantile,0.025,3,180.61526905970678
2024-03-06,2024-03-17,ARI incidence,ES,quantile,0.05,3,209.43335526498112
2024-03-06,2024-03-17,ARI incidence,ES,quantile,0.1,3,234.0681853272812
2024-03-06,2024-03-17,ARI incidence,ES,quantile,0.15,3,249.99693599915025
2024-03-06,2024-03-17,ARI incidence,ES,quantile,0.2,3,263.5476640183872
2024-03-06,2024-03-17,ARI incidence,ES,quantile,0.25,3,276.623471905913
2024-03-06,2024-03-17,ARI incidence,ES,quantile,0.3,3,286.69919126381967
2024-03-06,2024-03-17,ARI incidence,ES,quantile,0.35,3,297.97834696922513
2024-03-06,2024-03-17,ARI incidence,ES,quantile,0.4,3,308.23637964229823
2024-03-06,2024-03-17,ARI incidence,ES,quantile,0.45,3,316.1139152977918
2024-03-06,2024-03-17,ARI incidence,ES,quantile,0.5,3,393.1513200305297
2024-03-06,2024-03-17,ARI incidence,ES,quantile,0.55,3,492.6313201282407
2024-03-06,2024-03-17,ARI incidence,ES,quantile,0.6,3,505.31333546669214
2024-03-06,2024-03-17,ARI incidence,ES,quantile,0.65,3,519.8279076020326
2024-03-06,2024-03-17,ARI incidence,ES,quantile,0.7,3,533.8853013287951
2024-03-06,2024-03-17,ARI incidence,ES,quantile,0.75,3,554.3769915479063
2024-03-06,2024-03-17,ARI incidence,ES,quantile,0.8,3,579.0178232613554
2024-03-06,2024-03-17,ARI incidence,ES,quantile,0.85,3,614.4941623097487
2024-03-06,2024-03-17,ARI incidence,ES,quantile,0.9,3,652.3529462800419
2024-03-06,2024-03-17,ARI incidence,ES,quantile,0.95,3,728.3521180100664
2024-03-06,2024-03-17,ARI incidence,ES,quantile,0.975,3,806.7362616730009
2024-03-06,2024-03-17,ARI incidence,ES,quantile,0.99,3,913.800474623208
2024-03-06,2024-03-24,ARI incidence,ES,quantile,0.01,4,133.1528008589816
2024-03-06,2024-03-24,ARI incidence,ES,quantile,0.025,4,150.84844815832702
2024-03-06,2024-03-24,ARI incidence,ES,quantile,0.05,4,168.63981652889262
2024-03-06,2024-03-24,ARI incidence,ES,quantile,0.1,4,194.30850997070098
2024-03-06,2024-03-24,ARI incidence,ES,quantile,0.15,4,213.86810164952325
2024-03-06,2024-03-24,ARI incidence,ES,quantile,0.2,4,226.33826923162778
2024-03-06,2024-03-24,ARI incidence,ES,quantile,0.25,4,237.942040559706
2024-03-06,2024-03-24,ARI incidence,ES,quantile,0.3,4,248.6375620139031
2024-03-06,2024-03-24,ARI incidence,ES,quantile,0.35,4,258.2603146482489
2024-03-06,2024-03-24,ARI incidence,ES,quantile,0.4,4,265.9337941646767
2024-03-06,2024-03-24,ARI incidence,ES,quantile,0.45,4,274.2844073396866
2024-03-06,2024-03-24,ARI incidence,ES,quantile,0.5,4,357.84055284936073
2024-03-06,2024-03-24,ARI incidence,ES,quantile,0.55,4,470.2161533619397
2024-03-06,2024-03-24,ARI incidence,ES,quantile,0.6,4,483.85058862088624
2024-03-06,2024-03-24,ARI incidence,ES,quantile,0.65,4,503.7958653551255
2024-03-06,2024-03-24,ARI incidence,ES,quantile,0.7,4,520.7193633819089
2024-03-06,2024-03-24,ARI incidence,ES,quantile,0.75,4,539.6455702802615
2024-03-06,2024-03-24,ARI incidence,ES,quantile,0.8,4,564.6071218077427
2024-03-06,2024-03-24,ARI incidence,ES,quantile,0.85,4,595.1453128199564
2024-03-06,2024-03-24,ARI incidence,ES,quantile,0.9,4,638.39268453898
2024-03-06,2024-03-24,ARI incidence,ES,quantile,0.95,4,738.558241665307
2024-03-06,2024-03-24,ARI incidence,ES,quantile,0.975,4,841.2079822297216
2024-03-06,2024-03-24,ARI incidence,ES,quantile,0.99,4,919.8899604632261
2024-03-06,2024-03-03,ARI incidence,LU,quantile,0.01,1,0.0
2024-03-06,2024-03-03,ARI incidence,LU,quantile,0.025,1,0.0
2024-03-06,2024-03-03,ARI incidence,LU,quantile,0.05,1,0.3128274912799337
2024-03-06,2024-03-03,ARI incidence,LU,quantile,0.1,1,1.4077237107597016
2024-03-06,2024-03-03,ARI incidence,LU,quantile,0.15,1,3.2729576275163064
2024-03-06,2024-03-03,ARI incidence,LU,quantile,0.2,1,5.474481097398839
2024-03-06,2024-03-03,ARI incidence,LU,quantile,0.25,1,8.44634226455821
2024-03-06,2024-03-03,ARI incidence,LU,quantile,0.3,1,11.261789686077613
2024-03-06,2024-03-03,ARI incidence,LU,quantile,0.35,1,14.362692193389956
2024-03-06,2024-03-03,ARI incidence,LU,quantile,0.4,1,19.364021710227895
2024-03-06,2024-03-03,ARI incidence,LU,quantile,0.45,1,24.67817871834577
2024-03-06,2024-03-03,ARI incidence,LU,quantile,0.5,1,143.50961162466956
2024-03-06,2024-03-03,ARI incidence,LU,quantile,0.55,1,495.88631848966884
2024-03-06,2024-03-03,ARI incidence,LU,quantile,0.6,1,559.9299266419533
2024-03-06,2024-03-03,ARI incidence,LU,quantile,0.65,1,619.2302879577057
2024-03-06,2024-03-03,ARI incidence,LU,quantile,0.7,1,699.0599533887038
2024-03-06,2024-03-03,ARI incidence,LU,quantile,0.75,1,822.3843711385357
2024-03-06,2024-03-03,ARI incidence,LU,quantile,0.8,1,946.7880437332833
2024-03-06,2024-03-03,ARI incidence,LU,quantile,0.85,1,1164.140584674581
2024-03-06,2024-03-03,ARI incidence,LU,quantile,0.9,1,1459.2307571989425
2024-03-06,2024-03-03,ARI incidence,LU,quantile,0.95,1,2055.1749487744983
2024-03-06,2024-03-03,ARI incidence,LU,quantile,0.975,1,2779.6032565341843
2024-03-06,2024-03-03,ARI incidence,LU,quantile,0.99,1,3472.6322869253436
2024-03-06,2024-03-10,ARI incidence,LU,quantile,0.01,2,0.0
2024-03-06,2024-03-10,ARI incidence,LU,quantile,0.025,2,0.0
2024-03-06,2024-03-10,ARI incidence,LU,quantile,0.05,2,0.0
2024-03-06,2024-03-10,ARI incidence,LU,quantile,0.1,2,0.15641374563996685
2024-03-06,2024-03-10,ARI incidence,LU,quantile,0.15,2,0.3128274912799337
2024-03-06,2024-03-10,ARI incidence,LU,quantile,0.2,2,0.6256549825598674
2024-03-06,2024-03-10,ARI incidence,LU,quantile,0.25,2,0.7820687281998341
2024-03-06,2024-03-10,ARI incidence,LU,quantile,0.3,2,1.2513099651197348
2024-03-06,2024-03-10,ARI incidence,LU,quantile,0.35,2,1.7205512020396352
2024-03-06,2024-03-10,ARI incidence,LU,quantile,0.4,2,2.1897924389595356
2024-03-06,2024-03-10,ARI incidence,LU,quantile,0.45,2,2.815447421519403
2024-03-06,2024-03-10,ARI incidence,LU,quantile,0.5,2,17.674753257316254
2024-03-06,2024-03-10,ARI incidence,LU,quantile,0.55,2,72.88880546822455
2024-03-06,2024-03-10,ARI incidence,LU,quantile,0.6,2,81.52284422755072
2024-03-06,2024-03-10,ARI incidence,LU,quantile,0.65,2,96.69106721098649
2024-03-06,2024-03-10,ARI incidence,LU,quantile,0.7,2,114.20549637902178
2024-03-06,2024-03-10,ARI incidence,LU,quantile,0.75,2,142.02368104108987
2024-03-06,2024-03-10,ARI incidence,LU,quantile,0.8,2,177.06036006444245
2024-03-06,2024-03-10,ARI incidence,LU,quantile,0.85,2,224.37160777689144
2024-03-06,2024-03-10,ARI incidence,LU,quantile,0.9,2,292.00100104797207
2024-03-06,2024-03-10,ARI incidence,LU,quantile,0.95,2,430.6226831213911
2024-03-06,2024-03-10,ARI incidence,LU,quantile,0.975,2,597.3480049426744
2024-03-06,2024-03-10,ARI incidence,LU,quantile,0.99,2,863.7917820218024
2024-03-06,2024-03-17,ARI incidence,LU,quantile,0.01,3,0.0
2024-03-06,2024-03-17,ARI incidence,LU,quantile,0.025,3,0.0
2024-03-06,2024-03-17,ARI incidence,LU,quantile,0.05,3,0.0
2024-03-06,2024-03-17,ARI incidence,LU,quantile,0.1,3,0.0
2024-03-06,2024-03-17,ARI incidence,LU,quantile,0.15,3,0.0
2024-03-06,2024-03-17,ARI incidence,LU,quantile,0.2,3,0.0
2024-03-06,2024-03-17,ARI incidence,LU,quantile,0.25,3,0.0
2024-03-06,2024-03-17,ARI incidence,LU,quantile,0.3,3,0.0
2024-03-06,2024-03-17,ARI incidence,LU,quantile,0.35,3,0.15641374563996685
2024-03-06,2024-03-17,ARI incidence,LU,quantile,0.4,3,0.15641374563996685
2024-03-06,2024-03-17,ARI incidence,LU,quantile,0.45,3,0.15641374563996685
2024-03-06,2024-03-17,ARI incidence,LU,quantile,0.5,3,2.1897924389595356
2024-03-06,2024-03-17,ARI incidence,LU,quantile,0.55,3,10.166893466597845
2024-03-06,2024-03-17,ARI incidence,LU,quantile,0.6,3,11.88744466863748
2024-03-06,2024-03-17,ARI incidence,LU,quantile,0.65,3,14.546478344516917
2024-03-06,2024-03-17,ARI incidence,LU,quantile,0.7,3,17.385387827882315
2024-03-06,2024-03-17,ARI incidence,LU,quantile,0.75,3,20.646614424475622
2024-03-06,2024-03-17,ARI incidence,LU,quantile,0.8,3,25.667495659518558
2024-03-06,2024-03-17,ARI incidence,LU,quantile,0.85,3,34.12165861135877
2024-03-06,2024-03-17,ARI incidence,LU,quantile,0.9,3,50.05239860478938
2024-03-06,2024-03-17,ARI incidence,LU,quantile,0.95,3,75.23501165282406
2024-03-06,2024-03-17,ARI incidence,LU,quantile,0.975,3,102.30436550764082
2024-03-06,2024-03-17,ARI incidence,LU,quantile,0.99,3,184.96316456290023
2024-03-06,2024-03-24,ARI incidence,LU,quantile,0.01,4,0.0
2024-03-06,2024-03-24,ARI incidence,LU,quantile,0.025,4,0.0
2024-03-06,2024-03-24,ARI incidence,LU,quantile,0.05,4,0.0
2024-03-06,2024-03-24,ARI incidence,LU,quantile,0.1,4,0.0
2024-03-06,2024-03-24,ARI incidence,LU,quantile,0.15,4,0.0
2024-03-06,2024-03-24,ARI incidence,LU,quantile,0.2,4,0.0
2024-03-06,2024-03-24,ARI incidence,LU,quantile,0.25,4,0.0
2024-03-06,2024-03-24,ARI incidence,LU,quantile,0.3,4,0.0
2024-03-06,2024-03-24,ARI incidence,LU,quantile,0.35,4,0.0
2024-03-06,2024-03-24,ARI incidence,LU,quantile,0.4,4,0.0
2024-03-06,2024-03-24,ARI incidence,LU,quantile,0.45,4,0.0
2024-03-06,2024-03-24,ARI incidence,LU,quantile,0.5,4,0.15641374563996685
2024-03-06,2024-03-24,ARI incidence,LU,quantile,0.55,4,1.5641374563996682
2024-03-06,2024-03-24,ARI incidence,LU,quantile,0.6,4,1.876964947679602
2024-03-06,2024-03-24,ARI incidence,LU,quantile,0.65,4,2.346206184599503
2024-03-06,2024-03-24,ARI incidence,LU,quantile,0.7,4,2.97186116715937
2024-03-06,2024-03-24,ARI incidence,LU,quantile,0.75,4,3.753929895359204
2024-03-06,2024-03-24,ARI incidence,LU,quantile,0.8,4,5.005239860478939
2024-03-06,2024-03-24,ARI incidence,LU,quantile,0.85,4,6.268280856521671
2024-03-06,2024-03-24,ARI incidence,LU,quantile,0.9,4,8.759169755838142
2024-03-06,2024-03-24,ARI incidence,LU,quantile,0.95,4,16.736270783476453
2024-03-06,2024-03-24,ARI incidence,LU,quantile,0.975,4,26.310747188463075
2024-03-06,2024-03-24,ARI incidence,LU,quantile,0.99,4,47.315158056088094
2024-03-06,2024-03-03,ARI incidence,CZ,quantile,0.01,1,611.2974071873857
2024-03-06,2024-03-03,ARI incidence,CZ,quantile,0.025,1,673.6243938109828
2024-03-06,2024-03-03,ARI incidence,CZ,quantile,0.05,1,742.4764155700432
2024-03-06,2024-03-03,ARI incidence,CZ,quantile,0.1,1,803.6421385043195
2024-03-06,2024-03-03,ARI incidence,CZ,quantile,0.15,1,845.662696888937
2024-03-06,2024-03-03,ARI incidence,CZ,quantile,0.2,1,891.6301675199519
2024-03-06,2024-03-03,ARI incidence,CZ,quantile,0.25,1,922.5497081653941
2024-03-06,2024-03-03,ARI incidence,CZ,quantile,0.3,1,947.4439878113336
2024-03-06,2024-03-03,ARI incidence,CZ,quantile,0.35,1,970.2175810893764
2024-03-06,2024-03-03,ARI incidence,CZ,quantile,0.4,1,994.6180804639214
2024-03-06,2024-03-03,ARI incidence,CZ,quantile,0.45,1,1018.8494672310667
2024-03-06,2024-03-03,ARI incidence,CZ,quantile,0.5,1,1232.7238746471705
2024-03-06,2024-03-03,ARI incidence,CZ,quantile,0.55,1,1477.6605337698136
2024-03-06,2024-03-03,ARI incidence,CZ,quantile,0.6,1,1512.1055133278812
2024-03-06,2024-03-03,ARI incidence,CZ,quantile,0.65,1,1541.9975343334272
2024-03-06,2024-03-03,ARI incidence,CZ,quantile,0.7,1,1578.9680239693691
2024-03-06,2024-03-03,ARI incidence,CZ,quantile,0.75,1,1621.7613627498254
2024-03-06,2024-03-03,ARI incidence,CZ,quantile,0.8,1,1676.0938422270233
2024-03-06,2024-03-03,ARI incidence,CZ,quantile,0.85,1,1742.886900152111
2024-03-06,2024-03-03,ARI incidence,CZ,quantile,0.9,1,1824.961458499433
2024-03-06,2024-03-03,ARI incidence,CZ,quantile,0.95,1,1978.1465600735553
2024-03-06,2024-03-03,ARI incidence,CZ,quantile,0.975,1,2144.1546072648684
2024-03-06,2024-03-03,ARI incidence,CZ,quantile,0.99,1,2308.622849677302
2024-03-06,2024-03-10,ARI incidence,CZ,quantile,0.01,2,440.72086972306823
2024-03-06,2024-03-10,ARI incidence,CZ,quantile,0.025,2,501.5574295949251
2024-03-06,2024-03-10,ARI incidence,CZ,quantile,0.05,2,547.9878786933147
2024-03-06,2024-03-10,ARI incidence,CZ,quantile,0.1,2,604.5445100577048
2024-03-06,2024-03-10,ARI incidence,CZ,quantile,0.15,2,649.5926836034886
2024-03-06,2024-03-10,ARI incidence,CZ,quantile,0.2,2,691.068799290022
2024-03-06,2024-03-10,ARI incidence,CZ,quantile,0.25,2,733.8523861479697
2024-03-06,2024-03-10,ARI incidence,CZ,quantile,0.3,2,763.1064887104133
2024-03-06,2024-03-10,ARI incidence,CZ,quantile,0.35,2,788.2704922618257
2024-03-06,2024-03-10,ARI incidence,CZ,quantile,0.4,2,811.7214873765406
2024-03-06,2024-03-10,ARI incidence,CZ,quantile,0.45,2,833.3709931966783
2024-03-06,2024-03-10,ARI incidence,CZ,quantile,0.5,2,1039.193404693938
2024-03-06,2024-03-10,ARI incidence,CZ,quantile,0.55,2,1254.4575799933555
2024-03-06,2024-03-10,ARI incidence,CZ,quantile,0.6,2,1280.4664330264602
2024-03-06,2024-03-10,ARI incidence,CZ,quantile,0.65,2,1311.788418864195
2024-03-06,2024-03-10,ARI incidence,CZ,quantile,0.7,2,1346.7837874145587
2024-03-06,2024-03-10,ARI incidence,CZ,quantile,0.75,2,1385.9907972296548
2024-03-06,2024-03-10,ARI incidence,CZ,quantile,0.8,2,1432.3376414314187
2024-03-06,2024-03-10,ARI incidence,CZ,quantile,0.85,2,1488.924242118639
2024-03-06,2024-03-10,ARI incidence,CZ,quantile,0.9,2,1570.4534063608032
2024-03-06,2024-03-10,ARI incidence,CZ,quantile,0.95,2,1712.555804781924
2024-03-06,2024-03-10,ARI incidence,CZ,quantile,0.975,2,1817.7823785709636
2024-03-06,2024-03-10,ARI incidence,CZ,quantile,0.99,2,2041.4865811643472
2024-03-06,2024-03-17,ARI incidence,CZ,quantile,0.01,3,296.43955882112294
2024-03-06,2024-03-17,ARI incidence,CZ,quantile,0.025,3,357.0221643597582
2024-03-06,2024-03-17,ARI incidence,CZ,quantile,0.05,3,406.6872785837887
2024-03-06,2024-03-17,ARI incidence,CZ,quantile,0.1,3,451.2538022983711
2024-03-06,2024-03-17,ARI incidence,CZ,quantile,0.15,3,489.0767526725976
2024-03-06,2024-03-17,ARI incidence,CZ,quantile,0.2,3,530.8784874302
2024-03-06,2024-03-17,ARI incidence,CZ,quantile,0.25,3,557.9015404041653
2024-03-06,2024-03-17,ARI incidence,CZ,quantile,0.3,3,582.9604134739031
2024-03-06,2024-03-17,ARI incidence,CZ,quantile,0.35,3,603.5621822538225
2024-03-06,2024-03-17,ARI incidence,CZ,quantile,0.4,3,626.8916351148367
2024-03-06,2024-03-17,ARI incidence,CZ,quantile,0.45,3,645.3213415448645
2024-03-06,2024-03-17,ARI incidence,CZ,quantile,0.5,3,814.1951457688834
2024-03-06,2024-03-17,ARI incidence,CZ,quantile,0.55,3,987.2040029881794
2024-03-06,2024-03-17,ARI incidence,CZ,quantile,0.6,3,1010.3962153787724
2024-03-06,2024-03-17,ARI incidence,CZ,quantile,0.65,3,1041.2760347788758
2024-03-06,2024-03-17,ARI incidence,CZ,quantile,0.7,3,1062.8862950572118
2024-03-06,2024-03-17,ARI incidence,CZ,quantile,0.75,3,1095.3062046583175
2024-03-06,2024-03-17,ARI incidence,CZ,quantile,0.8,3,1128.7436441250422
2024-03-06,2024-03-17,ARI incidence,CZ,quantile,0.85,3,1178.498428465795
2024-03-06,2024-03-17,ARI incidence,CZ,quantile,0.9,3,1246.3989242249934
2024-03-06,2024-03-17,ARI incidence,CZ,quantile,0.95,3,1343.6795839839372
2024-03-06,2024-03-17,ARI incidence,CZ,quantile,0.975,3,1483.7768919966495
2024-03-06,2024-03-17,ARI incidence,CZ,quantile,0.99,3,1630.6968352775655
2024-03-06,2024-03-24,ARI incidence,CZ,quantile,0.01,4,205.60829733526103
2024-03-06,2024-03-24,ARI incidence,CZ,quantile,0.025,4,242.64876296149427
2024-03-06,2024-03-24,ARI incidence,CZ,quantile,0.05,4,274.48022728734435
2024-03-06,2024-03-24,ARI incidence,CZ,quantile,0.1,4,316.87468865203505
2024-03-06,2024-03-24,ARI incidence,CZ,quantile,0.15,4,352.9451471959941
2024-03-06,2024-03-24,ARI incidence,CZ,quantile,0.2,4,379.9548804709237
2024-03-06,2024-03-24,ARI incidence,CZ,quantile,0.25,4,407.13206139087345
2024-03-06,2024-03-24,ARI incidence,CZ,quantile,0.3,4,426.0848038598204
2024-03-06,2024-03-24,ARI incidence,CZ,quantile,0.35,4,449.3759625861071
2024-03-06,2024-03-24,ARI incidence,CZ,quantile,0.4,4,468.95806083449054
2024-03-06,2024-03-24,ARI incidence,CZ,quantile,0.45,4,483.2926733663485
2024-03-06,2024-03-24,ARI incidence,CZ,quantile,0.5,4,616.4071291595993
2024-03-06,2024-03-24,ARI incidence,CZ,quantile,0.55,4,751.6042150377881
2024-03-06,2024-03-24,ARI incidence,CZ,quantile,0.6,4,767.6732426655077
2024-03-06,2024-03-24,ARI incidence,CZ,quantile,0.65,4,787.9253693457401
2024-03-06,2024-03-24,ARI incidence,CZ,quantile,0.7,4,808.7921049957624
2024-03-06,2024-03-24,ARI incidence,CZ,quantile,0.75,4,834.5493108577999
2024-03-06,2024-03-24,ARI incidence,CZ,quantile,0.8,4,864.2553317803832
2024-03-06,2024-03-24,ARI incidence,CZ,quantile,0.85,4,898.6035056686736
2024-03-06,2024-03-24,ARI incidence,CZ,quantile,0.9,4,940.3184245307755
2024-03-06,2024-03-24,ARI incidence,CZ,quantile,0.95,4,1013.2708918527968
2024-03-06,2024-03-24,ARI incidence,CZ,quantile,0.975,4,1093.7372154674433
2024-03-06,2024-03-24,ARI incidence,CZ,quantile,0.99,4,1214.4274603482074
2024-03-06,2024-03-03,ARI incidence,LT,quantile,0.01,1,435.263893733412
2024-03-06,2024-03-03,ARI incidence,LT,quantile,0.025,1,503.49083775082073
2024-03-06,2024-03-03,ARI incidence,LT,quantile,0.05,1,553.3190007220134
2024-03-06,2024-03-03,ARI incidence,LT,quantile,0.1,1,636.3011958436144
2024-03-06,2024-03-03,ARI incidence,LT,quantile,0.15,1,691.2075853030805
2024-03-06,2024-03-03,ARI incidence,LT,quantile,0.2,1,722.4045198324011
2024-03-06,2024-03-03,ARI incidence,LT,quantile,0.25,1,758.468405814576
2024-03-06,2024-03-03,ARI incidence,LT,quantile,0.3,1,787.2152676401647
2024-03-06,2024-03-03,ARI incidence,LT,quantile,0.35,1,810.6026514972089
2024-03-06,2024-03-03,ARI incidence,LT,quantile,0.4,1,843.5929567093416
2024-03-06,2024-03-03,ARI incidence,LT,quantile,0.45,1,872.234853867652
2024-03-06,2024-03-03,ARI incidence,LT,quantile,0.5,1,1088.008118703017
2024-03-06,2024-03-03,ARI incidence,LT,quantile,0.55,1,1408.2257131496865
2024-03-06,2024-03-03,ARI incidence,LT,quantile,0.6,1,1459.1129426996984
2024-03-06,2024-03-03,ARI incidence,LT,quantile,0.65,1,1507.9547069386488
2024-03-06,2024-03-03,ARI incidence,LT,quantile,0.7,1,1560.447806184626
2024-03-06,2024-03-03,ARI incidence,LT,quantile,0.75,1,1620.6096060792665
2024-03-06,2024-03-03,ARI incidence,LT,quantile,0.8,1,1691.6787600317514
2024-03-06,2024-03-03,ARI incidence,LT,quantile,0.85,1,1780.6547067951074
2024-03-06,2024-03-03,ARI incidence,LT,quantile,0.9,1,1914.428138138526
2024-03-06,2024-03-03,ARI incidence,LT,quantile,0.95,1,2073.1966173027704
2024-03-06,2024-03-03,ARI incidence,LT,quantile,0.975,1,2308.8799749663754
2024-03-06,2024-03-03,ARI incidence,LT,quantile,0.99,1,2740.406049983984
2024-03-06,2024-03-10,ARI incidence,LT,quantile,0.01,2,309.9265713838686
2024-03-06,2024-03-10,ARI incidence,LT,quantile,0.025,2,358.9814049260546
2024-03-06,2024-03-10,ARI incidence,LT,quantile,0.05,2,400.3711263552105
2024-03-06,2024-03-10,ARI incidence,LT,quantile,0.1,2,475.3356357377957
2024-03-06,2024-03-10,ARI incidence,LT,quantile,0.15,2,530.4277319162924
2024-03-06,2024-03-10,ARI incidence,LT,quantile,0.2,2,563.6261721951646
2024-03-06,2024-03-10,ARI incidence,LT,quantile,0.25,2,590.4038250919024
2024-03-06,2024-03-10,ARI incidence,LT,quantile,0.3,2,618.2526558752223
2024-03-06,2024-03-10,ARI incidence,LT,quantile,0.35,2,643.7312588726543
2024-03-06,2024-03-10,ARI incidence,LT,quantile,0.4,2,667.8551896684623
2024-03-06,2024-03-10,ARI incidence,LT,quantile,0.45,2,691.8284019676659
2024-03-06,2024-03-10,ARI incidence,LT,quantile,0.5,2,915.3636693781641
2024-03-06,2024-03-10,ARI incidence,LT,quantile,0.55,2,1184.139605519455
2024-03-06,2024-03-10,ARI incidence,LT,quantile,0.6,2,1215.60209168565
2024-03-06,2024-03-10,ARI incidence,LT,quantile,0.65,2,1252.0813506673958
2024-03-06,2024-03-10,ARI incidence,LT,quantile,0.7,2,1290.3530831980456
2024-03-06,2024-03-10,ARI incidence,LT,quantile,0.75,2,1343.5881121862365
2024-03-06,2024-03-10,ARI incidence,LT,quantile,0.8,2,1398.0037693978295
2024-03-06,2024-03-10,ARI incidence,LT,quantile,0.85,2,1471.2789756309724
2024-03-06,2024-03-10,ARI incidence,LT,quantile,0.9,2,1570.8599423250553
2024-03-06,2024-03-10,ARI incidence,LT,quantile,0.95,2,1789.890700381673
2024-03-06,2024-03-10,ARI incidence,LT,quantile,0.975,2,2068.496084189917
2024-03-06,2024-03-10,ARI incidence,LT,quantile,0.99,2,2217.3297921663634
2024-03-06,2024-03-17,ARI incidence,LT,quantile,0.01,3,169.97009314403093
2024-03-06,2024-03-17,ARI incidence,LT,quantile,0.025,3,232.27335167792748
2024-03-06,2024-03-17,ARI incidence,LT,quantile,0.05,3,284.3842718789429
2024-03-06,2024-03-17,ARI incidence,LT,quantile,0.1,3,337.9324006011515
2024-03-06,2024-03-17,ARI incidence,LT,quantile,0.15,3,376.243607023769
2024-03-06,2024-03-17,ARI incidence,LT,quantile,0.2,3,401.90522533850657
2024-03-06,2024-03-17,ARI incidence,LT,quantile,0.25,3,428.4890973110385
2024-03-06,2024-03-17,ARI incidence,LT,quantile,0.3,3,452.9090822966054
2024-03-06,2024-03-17,ARI incidence,LT,quantile,0.35,3,476.0425772575836
2024-03-06,2024-03-17,ARI incidence,LT,quantile,0.4,3,500.5720125799706
2024-03-06,2024-03-17,ARI incidence,LT,quantile,0.45,3,530.3209729811975
2024-03-06,2024-03-17,ARI incidence,LT,quantile,0.5,3,728.0779946688715
2024-03-06,2024-03-17,ARI incidence,LT,quantile,0.55,3,947.5591139474897
2024-03-06,2024-03-17,ARI incidence,LT,quantile,0.6,3,981.5075581737511
2024-03-06,2024-03-17,ARI incidence,LT,quantile,0.65,3,1013.7577279114867
2024-03-06,2024-03-17,ARI incidence,LT,quantile,0.7,3,1044.2154241003184
2024-03-06,2024-03-17,ARI incidence,LT,quantile,0.75,3,1081.1988723385625
2024-03-06,2024-03-17,ARI incidence,LT,quantile,0.8,3,1137.2464161294627
2024-03-06,2024-03-17,ARI incidence,LT,quantile,0.85,3,1207.7808782725651
2024-03-06,2024-03-17,ARI incidence,LT,quantile,0.9,3,1319.5332607013722
2024-03-06,2024-03-17,ARI incidence,LT,quantile,0.95,3,1500.9938449436816
2024-03-06,2024-03-17,ARI incidence,LT,quantile,0.975,3,1721.9328068233851
2024-03-06,2024-03-17,ARI incidence,LT,quantile,0.99,3,1978.430388868072
2024-03-06,2024-03-24,ARI incidence,LT,quantile,0.01,4,101.62194633560273
2024-03-06,2024-03-24,ARI incidence,LT,quantile,0.025,4,153.5485055184501
2024-03-06,2024-03-24,ARI incidence,LT,quantile,0.05,4,186.01264169332947
2024-03-06,2024-03-24,ARI incidence,LT,quantile,0.1,4,228.52871474443168
2024-03-06,2024-03-24,ARI incidence,LT,quantile,0.15,4,257.72683492592546
2024-03-06,2024-03-24,ARI incidence,LT,quantile,0.2,4,286.32566965663455
2024-03-06,2024-03-24,ARI incidence,LT,quantile,0.25,4,312.35959854334163
2024-03-06,2024-03-24,ARI incidence,LT,quantile,0.3,4,334.4820235895979
2024-03-06,2024-03-24,ARI incidence,LT,quantile,0.35,4,353.6017414445722
2024-03-06,2024-03-24,ARI incidence,LT,quantile,0.4,4,371.41343806115725
2024-03-06,2024-03-24,ARI incidence,LT,quantile,0.45,4,385.4185955045696
2024-03-06,2024-03-24,ARI incidence,LT,quantile,0.5,4,534.8532934862336
2024-03-06,2024-03-24,ARI incidence,LT,quantile,0.55,4,721.9855582971967
2024-03-06,2024-03-24,ARI incidence,LT,quantile,0.6,4,740.5876298870472
2024-03-06,2024-03-24,ARI incidence,LT,quantile,0.65,4,763.6044974399387
2024-03-06,2024-03-24,ARI incidence,LT,quantile,0.7,4,787.1452911953126
2024-03-06,2024-03-24,ARI incidence,LT,quantile,0.75,4,818.845517847223
2024-03-06,2024-03-24,ARI incidence,LT,quantile,0.8,4,859.1815555010098
2024-03-06,2024-03-24,ARI incidence,LT,quantile,0.85,4,910.9399020760396
2024-03-06,2024-03-24,ARI incidence,LT,quantile,0.9,4,984.6259956392114
2024-03-06,2024-03-24,ARI incidence,LT,quantile,0.95,4,1091.2826574685287
2024-03-06,2024-03-24,ARI incidence,LT,quantile,0.975,4,1258.0235171094203
2024-03-06,2024-03-24,ARI incidence,LT,quantile,0.99,4,1452.1445447799008
2024-03-06,2024-03-03,ARI incidence,HU,quantile,0.01,1,6.785938801522259
2024-03-06,2024-03-03,ARI incidence,HU,quantile,0.025,1,12.819929876915904
2024-03-06,2024-03-03,ARI incidence,HU,quantile,0.05,1,28.374987538342772
2024-03-06,2024-03-03,ARI incidence,HU,quantile,0.1,1,64.9025766175643
2024-03-06,2024-03-03,ARI incidence,HU,quantile,0.15,1,103.43664699441305
2024-03-06,2024-03-03,ARI incidence,HU,quantile,0.2,1,144.86007103762557
2024-03-06,2024-03-03,ARI incidence,HU,quantile,0.25,1,171.42116652646445
2024-03-06,2024-03-03,ARI incidence,HU,quantile,0.3,1,219.93177191171296
2024-03-06,2024-03-03,ARI incidence,HU,quantile,0.35,1,253.34368921080016
2024-03-06,2024-03-03,ARI incidence,HU,quantile,0.4,1,294.1466051150057
2024-03-06,2024-03-03,ARI incidence,HU,quantile,0.45,1,335.0473604768139
2024-03-06,2024-03-03,ARI incidence,HU,quantile,0.5,1,1036.9746639060147
2024-03-06,2024-03-03,ARI incidence,HU,quantile,0.55,1,2700.4619773210197
2024-03-06,2024-03-03,ARI incidence,HU,quantile,0.6,1,2931.6306109384104
2024-03-06,2024-03-03,ARI incidence,HU,quantile,0.65,1,3234.4535161647264
2024-03-06,2024-03-03,ARI incidence,HU,quantile,0.7,1,3629.879408234004
2024-03-06,2024-03-03,ARI incidence,HU,quantile,0.75,1,4013.823839953597
2024-03-06,2024-03-03,ARI incidence,HU,quantile,0.8,1,4605.607086625202
2024-03-06,2024-03-03,ARI incidence,HU,quantile,0.85,1,5392.565117823425
2024-03-06,2024-03-03,ARI incidence,HU,quantile,0.9,1,6236.168590362051
2024-03-06,2024-03-03,ARI incidence,HU,quantile,0.95,1,8566.091943960844
2024-03-06,2024-03-03,ARI incidence,HU,quantile,0.975,1,10001.433734262266
2024-03-06,2024-03-03,ARI incidence,HU,quantile,0.99,1,11763.977344913028
2024-03-06,2024-03-10,ARI incidence,HU,quantile,0.01,2,2.0483977810422975
2024-03-06,2024-03-10,ARI incidence,HU,quantile,0.025,2,6.075315372617969
2024-03-06,2024-03-10,ARI incidence,HU,quantile,0.05,2,14.929786285668149
2024-03-06,2024-03-10,ARI incidence,HU,quantile,0.1,2,31.186069638624296
2024-03-06,2024-03-10,ARI incidence,HU,quantile,0.15,2,58.2165370516996
2024-03-06,2024-03-10,ARI incidence,HU,quantile,0.2,2,84.296416892487
2024-03-06,2024-03-10,ARI incidence,HU,quantile,0.25,2,117.77038500547488
2024-03-06,2024-03-10,ARI incidence,HU,quantile,0.3,2,150.2690482095173
2024-03-06,2024-03-10,ARI incidence,HU,quantile,0.35,2,187.20395839907457
2024-03-06,2024-03-10,ARI incidence,HU,quantile,0.4,2,231.4057655659487
2024-03-06,2024-03-10,ARI incidence,HU,quantile,0.45,2,271.6813782881267
2024-03-06,2024-03-10,ARI incidence,HU,quantile,0.5,2,831.3933657020588
2024-03-06,2024-03-10,ARI incidence,HU,quantile,0.55,2,1969.636502727558
2024-03-06,2024-03-10,ARI incidence,HU,quantile,0.6,2,2116.522880426588
2024-03-06,2024-03-10,ARI incidence,HU,quantile,0.65,2,2349.8833753665376
2024-03-06,2024-03-10,ARI incidence,HU,quantile,0.7,2,2658.841844473574
2024-03-06,2024-03-10,ARI incidence,HU,quantile,0.75,2,2961.4008406366197
2024-03-06,2024-03-10,ARI incidence,HU,quantile,0.8,2,3424.6920425830276
2024-03-06,2024-03-10,ARI incidence,HU,quantile,0.85,2,3898.491974692743
2024-03-06,2024-03-10,ARI incidence,HU,quantile,0.9,2,4685.659330835784
2024-03-06,2024-03-10,ARI incidence,HU,quantile,0.95,2,5770.627338363036
2024-03-06,2024-03-10,ARI incidence,HU,quantile,0.975,2,6931.398654182215
2024-03-06,2024-03-10,ARI incidence,HU,quantile,0.99,2,9817.16086578239
2024-03-06,2024-03-17,ARI incidence,HU,quantile,0.01,3,2.1316128144560165
2024-03-06,2024-03-17,ARI incidence,HU,quantile,0.025,3,5.43742785627363
2024-03-06,2024-03-17,ARI incidence,HU,quantile,0.05,3,10.85425793199931
2024-03-06,2024-03-17,ARI incidence,HU,quantile,0.1,3,22.301216999265897
2024-03-06,2024-03-17,ARI incidence,HU,quantile,0.15,3,36.177941754420075
2024-03-06,2024-03-17,ARI incidence,HU,quantile,0.2,3,53.04649413416405
2024-03-06,2024-03-17,ARI incidence,HU,quantile,0.25,3,70.37489196464102
2024-03-06,2024-03-17,ARI incidence,HU,quantile,0.3,3,91.17298592842025
2024-03-06,2024-03-17,ARI incidence,HU,quantile,0.35,3,111.01740265282935
2024-03-06,2024-03-17,ARI incidence,HU,quantile,0.4,3,132.97721143951296
2024-03-06,2024-03-17,ARI incidence,HU,quantile,0.45,3,155.47590965978233
2024-03-06,2024-03-17,ARI incidence,HU,quantile,0.5,3,513.1267595654033
2024-03-06,2024-03-17,ARI incidence,HU,quantile,0.55,3,1263.9972217713596
2024-03-06,2024-03-17,ARI incidence,HU,quantile,0.6,3,1389.3511946300762
2024-03-06,2024-03-17,ARI incidence,HU,quantile,0.65,3,1547.2439963649035
2024-03-06,2024-03-17,ARI incidence,HU,quantile,0.7,3,1732.827424379368
2024-03-06,2024-03-17,ARI incidence,HU,quantile,0.75,3,1914.2418616109276
2024-03-06,2024-03-17,ARI incidence,HU,quantile,0.8,3,2117.5311417844105
2024-03-06,2024-03-17,ARI incidence,HU,quantile,0.85,3,2413.9373234255263
2024-03-06,2024-03-17,ARI incidence,HU,quantile,0.9,3,2820.3886924776084
2024-03-06,2024-03-17,ARI incidence,HU,quantile,0.95,3,3718.2783880671186
2024-03-06,2024-03-17,ARI incidence,HU,quantile,0.975,3,4568.771045782274
2024-03-06,2024-03-17,ARI incidence,HU,quantile,0.99,3,6041.057401482875
2024-03-06,2024-03-24,ARI incidence,HU,quantile,0.01,4,0.18527703602881382
2024-03-06,2024-03-24,ARI incidence,HU,quantile,0.025,4,2.064541291546764
2024-03-06,2024-03-24,ARI incidence,HU,quantile,0.05,4,5.453777344583576
2024-03-06,2024-03-24,ARI incidence,HU,quantile,0.1,4,12.952914297578607
2024-03-06,2024-03-24,ARI incidence,HU,quantile,0.15,4,21.118131979042996
2024-03-06,2024-03-24,ARI incidence,HU,quantile,0.2,4,32.73296295777538
2024-03-06,2024-03-24,ARI incidence,HU,quantile,0.25,4,44.62637891841878
2024-03-06,2024-03-24,ARI incidence,HU,quantile,0.3,4,56.674793177685515
2024-03-06,2024-03-24,ARI incidence,HU,quantile,0.35,4,66.20512876496532
2024-03-06,2024-03-24,ARI incidence,HU,quantile,0.4,4,79.13667286522542
2024-03-06,2024-03-24,ARI incidence,HU,quantile,0.45,4,92.6156029835473
2024-03-06,2024-03-24,ARI incidence,HU,quantile,0.5,4,302.19518786411726
2024-03-06,2024-03-24,ARI incidence,HU,quantile,0.55,4,779.2838131105697
2024-03-06,2024-03-24,ARI incidence,HU,quantile,0.6,4,857.2981644081888
2024-03-06,2024-03-24,ARI incidence,HU,quantile,0.65,4,941.602820412895
2024-03-06,2024-03-24,ARI incidence,HU,quantile,0.7,4,1032.3916577340958
2024-03-06,2024-03-24,ARI incidence,HU,quantile,0.75,4,1179.8048236706397
2024-03-06,2024-03-24,ARI incidence,HU,quantile,0.8,4,1354.8313742097662
2024-03-06,2024-03-24,ARI incidence,HU,quantile,0.85,4,1583.992496640502
2024-03-06,2024-03-24,ARI incidence,HU,quantile,0.9,4,1948.4820671602993
2024-03-06,2024-03-24,ARI incidence,HU,quantile,0.95,4,2497.145662560568
2024-03-06,2024-03-24,ARI incidence,HU,quantile,0.975,4,3058.1412779110224
2024-03-06,2024-03-24,ARI incidence,HU,quantile,0.99,4,3696.9025263589597
2024-03-06,2024-03-03,ARI incidence,RO,quantile,0.01,1,327.87151012506985
2024-03-06,2024-03-03,ARI incidence,RO,quantile,0.025,1,391.6459391331728
2024-03-06,2024-03-03,ARI incidence,RO,quantile,0.05,1,456.89272319228365
2024-03-06,2024-03-03,ARI incidence,RO,quantile,0.1,1,515.9588211391662
2024-03-06,2024-03-03,ARI incidence,RO,quantile,0.15,1,556.018974617765
2024-03-06,2024-03-03,ARI incidence,RO,quantile,0.2,1,592.61896309078
2024-03-06,2024-03-03,ARI incidence,RO,quantile,0.25,1,615.9389903788995
2024-03-06,2024-03-03,ARI incidence,RO,quantile,0.3,1,635.3841812720847
2024-03-06,2024-03-03,ARI incidence,RO,quantile,0.35,1,655.0624469761273
2024-03-06,2024-03-03,ARI incidence,RO,quantile,0.4,1,673.8164326588667
2024-03-06,2024-03-03,ARI incidence,RO,quantile,0.45,1,692.2008874122944
2024-03-06,2024-03-03,ARI incidence,RO,quantile,0.5,1,877.173558420654
2024-03-06,2024-03-03,ARI incidence,RO,quantile,0.55,1,1091.3731898675526
2024-03-06,2024-03-03,ARI incidence,RO,quantile,0.6,1,1123.984520728344
2024-03-06,2024-03-03,ARI incidence,RO,quantile,0.65,1,1161.9766202941782
2024-03-06,2024-03-03,ARI incidence,RO,quantile,0.7,1,1195.5943635319302
2024-03-06,2024-03-03,ARI incidence,RO,quantile,0.75,1,1240.5549084416955
2024-03-06,2024-03-03,ARI incidence,RO,quantile,0.8,1,1287.0867035192175
2024-03-06,2024-03-03,ARI incidence,RO,quantile,0.85,1,1341.1063825868437
2024-03-06,2024-03-03,ARI incidence,RO,quantile,0.9,1,1423.0689118143216
2024-03-06,2024-03-03,ARI incidence,RO,quantile,0.95,1,1564.4234815654638
2024-03-06,2024-03-03,ARI incidence,RO,quantile,0.975,1,1698.808118536313
2024-03-06,2024-03-03,ARI incidence,RO,quantile,0.99,1,1810.921150972561
2024-03-06,2024-03-10,ARI incidence,RO,quantile,0.01,2,273.7189706547172
2024-03-06,2024-03-10,ARI incidence,RO,quantile,0.025,2,323.1391472659264
2024-03-06,2024-03-10,ARI incidence,RO,quantile,0.05,2,380.2178362193393
2024-03-06,2024-03-10,ARI incidence,RO,quantile,0.1,2,424.9015886234245
2024-03-06,2024-03-10,ARI incidence,RO,quantile,0.15,2,465.8795550087079
2024-03-06,2024-03-10,ARI incidence,RO,quantile,0.2,2,494.703226179625
2024-03-06,2024-03-10,ARI incidence,RO,quantile,0.25,2,518.5811067747527
2024-03-06,2024-03-10,ARI incidence,RO,quantile,0.3,2,541.4847812237208
2024-03-06,2024-03-10,ARI incidence,RO,quantile,0.35,2,563.8798817790753
2024-03-06,2024-03-10,ARI incidence,RO,quantile,0.4,2,587.1105335431645
2024-03-06,2024-03-10,ARI incidence,RO,quantile,0.45,2,604.9062221817064
2024-03-06,2024-03-10,ARI incidence,RO,quantile,0.5,2,775.4096296267936
2024-03-06,2024-03-10,ARI incidence,RO,quantile,0.55,2,969.5355959818627
2024-03-06,2024-03-10,ARI incidence,RO,quantile,0.6,2,996.3919708857743
2024-03-06,2024-03-10,ARI incidence,RO,quantile,0.65,2,1023.1183567858503
2024-03-06,2024-03-10,ARI incidence,RO,quantile,0.7,2,1046.704570511675
2024-03-06,2024-03-10,ARI incidence,RO,quantile,0.75,2,1078.3713146112607
2024-03-06,2024-03-10,ARI incidence,RO,quantile,0.8,2,1123.823618916631
2024-03-06,2024-03-10,ARI incidence,RO,quantile,0.85,2,1186.2275240605118
2024-03-06,2024-03-10,ARI incidence,RO,quantile,0.9,2,1271.393603185504
2024-03-06,2024-03-10,ARI incidence,RO,quantile,0.95,2,1422.1848572459467
2024-03-06,2024-03-10,ARI incidence,RO,quantile,0.975,2,1555.7572246206882
2024-03-06,2024-03-10,ARI incidence,RO,quantile,0.99,2,1820.3036925982738
2024-03-06,2024-03-17,ARI incidence,RO,quantile,0.01,3,188.42807621758436
2024-03-06,2024-03-17,ARI incidence,RO,quantile,0.025,3,234.14873991117182
2024-03-06,2024-03-17,ARI incidence,RO,quantile,0.05,3,284.97922607573724
2024-03-06,2024-03-17,ARI incidence,RO,quantile,0.1,3,339.4976490227569
2024-03-06,2024-03-17,ARI incidence,RO,quantile,0.15,3,369.53571497677166
2024-03-06,2024-03-17,ARI incidence,RO,quantile,0.2,3,399.5181637450658
2024-03-06,2024-03-17,ARI incidence,RO,quantile,0.25,3,427.22211869090285
2024-03-06,2024-03-17,ARI incidence,RO,quantile,0.3,3,451.0318358979496
2024-03-06,2024-03-17,ARI incidence,RO,quantile,0.35,3,468.6388141319182
2024-03-06,2024-03-17,ARI incidence,RO,quantile,0.4,3,486.82058951319596
2024-03-06,2024-03-17,ARI incidence,RO,quantile,0.45,3,505.8315783308822
2024-03-06,2024-03-17,ARI incidence,RO,quantile,0.5,3,662.4394846216671
2024-03-06,2024-03-17,ARI incidence,RO,quantile,0.55,3,842.629595027213
2024-03-06,2024-03-17,ARI incidence,RO,quantile,0.6,3,866.5985325961718
2024-03-06,2024-03-17,ARI incidence,RO,quantile,0.65,3,890.8357260795141
2024-03-06,2024-03-17,ARI incidence,RO,quantile,0.7,3,916.9605409777595
2024-03-06,2024-03-17,ARI incidence,RO,quantile,0.75,3,948.4773773604838
2024-03-06,2024-03-17,ARI incidence,RO,quantile,0.8,3,985.7248533491221
2024-03-06,2024-03-17,ARI incidence,RO,quantile,0.85,3,1034.127843370416
2024-03-06,2024-03-17,ARI incidence,RO,quantile,0.9,3,1112.546523129144
2024-03-06,2024-03-17,ARI incidence,RO,quantile,0.95,3,1255.514508635357
2024-03-06,2024-03-17,ARI incidence,RO,quantile,0.975,3,1395.9166664166048
2024-03-06,2024-03-17,ARI incidence,RO,quantile,0.99,3,1647.3487572119968
2024-03-06,2024-03-24,ARI incidence,RO,quantile,0.01,4,149.301101510004
2024-03-06,2024-03-24,ARI incidence,RO,quantile,0.025,4,188.8196341392876
2024-03-06,2024-03-24,ARI incidence,RO,quantile,0.05,4,212.15395375071438
2024-03-06,2024-03-24,ARI incidence,RO,quantile,0.1,4,258.7161442669443
2024-03-06,2024-03-24,ARI incidence,RO,quantile,0.15,4,287.83277573008814
2024-03-06,2024-03-24,ARI incidence,RO,quantile,0.2,4,317.43288868212517
2024-03-06,2024-03-24,ARI incidence,RO,quantile,0.25,4,342.5048573204478
2024-03-06,2024-03-24,ARI incidence,RO,quantile,0.3,4,358.08206696019437
2024-03-06,2024-03-24,ARI incidence,RO,quantile,0.35,4,374.5686822576211
2024-03-06,2024-03-24,ARI incidence,RO,quantile,0.4,4,390.13050016457515
2024-03-06,2024-03-24,ARI incidence,RO,quantile,0.45,4,404.11718763500096
2024-03-06,2024-03-24,ARI incidence,RO,quantile,0.5,4,543.1056988317494
2024-03-06,2024-03-24,ARI incidence,RO,quantile,0.55,4,699.386239780536
2024-03-06,2024-03-24,ARI incidence,RO,quantile,0.6,4,722.607449557282
2024-03-06,2024-03-24,ARI incidence,RO,quantile,0.65,4,748.638361951264
2024-03-06,2024-03-24,ARI incidence,RO,quantile,0.7,4,772.4414827013997
2024-03-06,2024-03-24,ARI incidence,RO,quantile,0.75,4,799.1827429650987
2024-03-06,2024-03-24,ARI incidence,RO,quantile,0.8,4,831.535906610312
2024-03-06,2024-03-24,ARI incidence,RO,quantile,0.85,4,869.6269530298123
2024-03-06,2024-03-24,ARI incidence,RO,quantile,0.9,4,952.3866188051898
2024-03-06,2024-03-24,ARI incidence,RO,quantile,0.95,4,1089.1653169367316
2024-03-06,2024-03-24,ARI incidence,RO,quantile,0.975,4,1190.0494594578654
2024-03-06,2024-03-24,ARI incidence,RO,quantile,0.99,4,1360.343616942345
2024-03-06,2024-03-03,ARI incidence,SI,quantile,0.01,1,514.7652080203528
2024-03-06,2024-03-03,ARI incidence,SI,quantile,0.025,1,634.769827234775
2024-03-06,2024-03-03,ARI incidence,SI,quantile,0.05,1,719.5452692449967
2024-03-06,2024-03-03,ARI incidence,SI,quantile,0.1,1,837.7905528336215
2024-03-06,2024-03-03,ARI incidence,SI,quantile,0.15,1,908.6912477446533
2024-03-06,2024-03-03,ARI incidence,SI,quantile,0.2,1,958.4421687565583
2024-03-06,2024-03-03,ARI incidence,SI,quantile,0.25,1,1006.7080052542974
2024-03-06,2024-03-03,ARI incidence,SI,quantile,0.3,1,1046.1624189396284
2024-03-06,2024-03-03,ARI incidence,SI,quantile,0.35,1,1109.3616708061875
2024-03-06,2024-03-03,ARI incidence,SI,quantile,0.4,1,1142.1585650332547
2024-03-06,2024-03-03,ARI incidence,SI,quantile,0.45,1,1176.767285959098
2024-03-06,2024-03-03,ARI incidence,SI,quantile,0.5,1,1526.7706831341582
2024-03-06,2024-03-03,ARI incidence,SI,quantile,0.55,1,1965.0003680272982
2024-03-06,2024-03-03,ARI incidence,SI,quantile,0.6,1,2015.4873436355813
2024-03-06,2024-03-03,ARI incidence,SI,quantile,0.65,1,2077.3831654877213
2024-03-06,2024-03-03,ARI incidence,SI,quantile,0.7,1,2143.7590119505066
2024-03-06,2024-03-03,ARI incidence,SI,quantile,0.75,1,2235.1465597940555
2024-03-06,2024-03-03,ARI incidence,SI,quantile,0.8,1,2323.1817564149987
2024-03-06,2024-03-03,ARI incidence,SI,quantile,0.85,1,2442.3364920770327
2024-03-06,2024-03-03,ARI incidence,SI,quantile,0.9,1,2572.767961619471
2024-03-06,2024-03-03,ARI incidence,SI,quantile,0.95,1,2827.6363022126934
2024-03-06,2024-03-03,ARI incidence,SI,quantile,0.975,1,3119.056713006655
2024-03-06,2024-03-03,ARI incidence,SI,quantile,0.99,1,3427.2983304771665
2024-03-06,2024-03-10,ARI incidence,SI,quantile,0.01,2,315.19674361897285
2024-03-06,2024-03-10,ARI incidence,SI,quantile,0.025,2,379.64728829937417
2024-03-06,2024-03-10,ARI incidence,SI,quantile,0.05,2,435.53907506247026
2024-03-06,2024-03-10,ARI incidence,SI,quantile,0.1,2,531.5210662600123
2024-03-06,2024-03-10,ARI incidence,SI,quantile,0.15,2,582.68865645501
2024-03-06,2024-03-10,ARI incidence,SI,quantile,0.2,2,619.6588858775658
2024-03-06,2024-03-10,ARI incidence,SI,quantile,0.25,2,649.520998316511
2024-03-06,2024-03-10,ARI incidence,SI,quantile,0.3,2,672.7656968360976
2024-03-06,2024-03-10,ARI incidence,SI,quantile,0.35,2,704.3169602077562
2024-03-06,2024-03-10,ARI incidence,SI,quantile,0.4,2,730.9399605927692
2024-03-06,2024-03-10,ARI incidence,SI,quantile,0.45,2,760.1308950423892
2024-03-06,2024-03-10,ARI incidence,SI,quantile,0.5,2,998.3684123113625
2024-03-06,2024-03-10,ARI incidence,SI,quantile,0.55,2,1285.6892113269366
2024-03-06,2024-03-10,ARI incidence,SI,quantile,0.6,2,1332.8721982742352
2024-03-06,2024-03-10,ARI incidence,SI,quantile,0.65,2,1378.5960513501884
2024-03-06,2024-03-10,ARI incidence,SI,quantile,0.7,2,1425.4758876063506
2024-03-06,2024-03-10,ARI incidence,SI,quantile,0.75,2,1477.5411341280205
2024-03-06,2024-03-10,ARI incidence,SI,quantile,0.8,2,1549.0316163758937
2024-03-06,2024-03-10,ARI incidence,SI,quantile,0.85,2,1617.7996402769074
2024-03-06,2024-03-10,ARI incidence,SI,quantile,0.9,2,1704.4004740946527
2024-03-06,2024-03-10,ARI incidence,SI,quantile,0.95,2,1859.6737862648438
2024-03-06,2024-03-10,ARI incidence,SI,quantile,0.975,2,2020.0204491065426
2024-03-06,2024-03-10,ARI incidence,SI,quantile,0.99,2,2289.6735786596964
2024-03-06,2024-03-17,ARI incidence,SI,quantile,0.01,3,173.49467398443338
2024-03-06,2024-03-17,ARI incidence,SI,quantile,0.025,3,216.9951467579626
2024-03-06,2024-03-17,ARI incidence,SI,quantile,0.05,3,252.42898016804693
2024-03-06,2024-03-17,ARI incidence,SI,quantile,0.1,3,297.0900364630123
2024-03-06,2024-03-17,ARI incidence,SI,quantile,0.15,3,328.5964759970709
2024-03-06,2024-03-17,ARI incidence,SI,quantile,0.2,3,356.8638034771974
2024-03-06,2024-03-17,ARI incidence,SI,quantile,0.25,3,377.1925934034409
2024-03-06,2024-03-17,ARI incidence,SI,quantile,0.3,3,400.7321855914482
2024-03-06,2024-03-17,ARI incidence,SI,quantile,0.35,3,421.1942674558179
2024-03-06,2024-03-17,ARI incidence,SI,quantile,0.4,3,435.71601126352266
2024-03-06,2024-03-17,ARI incidence,SI,quantile,0.45,3,449.21506382914475
2024-03-06,2024-03-17,ARI incidence,SI,quantile,0.5,3,611.8689747325668
2024-03-06,2024-03-17,ARI incidence,SI,quantile,0.55,3,790.1133240980499
2024-03-06,2024-03-17,ARI incidence,SI,quantile,0.6,3,821.0689022594988
2024-03-06,2024-03-17,ARI incidence,SI,quantile,0.65,3,853.4895121656613
2024-03-06,2024-03-17,ARI incidence,SI,quantile,0.7,3,880.047635943622
2024-03-06,2024-03-17,ARI incidence,SI,quantile,0.75,3,910.7496055502291
2024-03-06,2024-03-17,ARI incidence,SI,quantile,0.8,3,954.2853476065014
2024-03-06,2024-03-17,ARI incidence,SI,quantile,0.85,3,1002.8991586329769
2024-03-06,2024-03-17,ARI incidence,SI,quantile,0.9,3,1088.063270498177
2024-03-06,2024-03-17,ARI incidence,SI,quantile,0.95,3,1203.3100752663008
2024-03-06,2024-03-17,ARI incidence,SI,quantile,0.975,3,1327.9899386998634
2024-03-06,2024-03-17,ARI incidence,SI,quantile,0.99,3,1560.3545895835061
2024-03-06,2024-03-24,ARI incidence,SI,quantile,0.01,4,102.6513064025426
2024-03-06,2024-03-24,ARI incidence,SI,quantile,0.025,4,122.26763322588194
2024-03-06,2024-03-24,ARI incidence,SI,quantile,0.05,4,141.7565659844636
2024-03-06,2024-03-24,ARI incidence,SI,quantile,0.1,4,168.17903867495076
2024-03-06,2024-03-24,ARI incidence,SI,quantile,0.15,4,183.85676566286435
2024-03-06,2024-03-24,ARI incidence,SI,quantile,0.2,4,198.90459977503153
2024-03-06,2024-03-24,ARI incidence,SI,quantile,0.25,4,213.57968829031503
2024-03-06,2024-03-24,ARI incidence,SI,quantile,0.3,4,224.29376505137284
2024-03-06,2024-03-24,ARI incidence,SI,quantile,0.35,4,234.8898843450624
2024-03-06,2024-03-24,ARI incidence,SI,quantile,0.4,4,245.61575685285706
2024-03-06,2024-03-24,ARI incidence,SI,quantile,0.45,4,255.07594573579038
2024-03-06,2024-03-24,ARI incidence,SI,quantile,0.5,4,346.48826464748646
2024-03-06,2024-03-24,ARI incidence,SI,quantile,0.55,4,450.30970912632205
2024-03-06,2024-03-24,ARI incidence,SI,quantile,0.6,4,468.0741037119799
2024-03-06,2024-03-24,ARI incidence,SI,quantile,0.65,4,485.53298845715403
2024-03-06,2024-03-24,ARI incidence,SI,quantile,0.7,4,500.24110506330067
2024-03-06,2024-03-24,ARI incidence,SI,quantile,0.75,4,526.1138959558518
2024-03-06,2024-03-24,ARI incidence,SI,quantile,0.8,4,550.7245419475627
2024-03-06,2024-03-24,ARI incidence,SI,quantile,0.85,4,581.158748103244
2024-03-06,2024-03-24,ARI incidence,SI,quantile,0.9,4,623.6694397680862
2024-03-06,2024-03-24,ARI incidence,SI,quantile,0.95,4,700.9539928130874
2024-03-06,2024-03-24,ARI incidence,SI,quantile,0.975,4,742.8088409593622
2024-03-06,2024-03-24,ARI incidence,SI,quantile,0.99,4,782.7336690245578
2024-03-06,2024-03-03,ARI incidence,EE,quantile,0.01,1,107.6914045566206
2024-03-06,2024-03-03,ARI incidence,EE,quantile,0.025,1,120.7511228987043
2024-03-06,2024-03-03,ARI incidence,EE,quantile,0.05,1,130.59906495351862
2024-03-06,2024-03-03,ARI incidence,EE,quantile,0.1,1,149.23940922884253
2024-03-06,2024-03-03,ARI incidence,EE,quantile,0.15,1,157.91891948846396
2024-03-06,2024-03-03,ARI incidence,EE,quantile,0.2,1,165.3265136554116
2024-03-06,2024-03-03,ARI incidence,EE,quantile,0.25,1,172.42365492991667
2024-03-06,2024-03-03,ARI incidence,EE,quantile,0.3,1,177.69194643803286
2024-03-06,2024-03-03,ARI incidence,EE,quantile,0.35,1,182.38260741293772
2024-03-06,2024-03-03,ARI incidence,EE,quantile,0.4,1,187.8522229179712
2024-03-06,2024-03-03,ARI incidence,EE,quantile,0.45,1,191.58142069264488
2024-03-06,2024-03-03,ARI incidence,EE,quantile,0.5,1,232.3692861615529
2024-03-06,2024-03-03,ARI incidence,EE,quantile,0.55,1,279.47910144020034
2024-03-06,2024-03-03,ARI incidence,EE,quantile,0.6,1,285.3156158181205
2024-03-06,2024-03-03,ARI incidence,EE,quantile,0.65,1,292.06467354655365
2024-03-06,2024-03-03,ARI incidence,EE,quantile,0.7,1,299.8410481190694
2024-03-06,2024-03-03,ARI incidence,EE,quantile,0.75,1,308.24209154183325
2024-03-06,2024-03-03,ARI incidence,EE,quantile,0.8,1,317.7682915081162
2024-03-06,2024-03-03,ARI incidence,EE,quantile,0.85,1,332.8675912769134
2024-03-06,2024-03-03,ARI incidence,EE,quantile,0.9,1,353.856088338712
2024-03-06,2024-03-03,ARI incidence,EE,quantile,0.95,1,400.8793531140118
2024-03-06,2024-03-03,ARI incidence,EE,quantile,0.975,1,451.18118858677406
2024-03-06,2024-03-03,ARI incidence,EE,quantile,0.99,1,496.8397777082021
2024-03-06,2024-03-10,ARI incidence,EE,quantile,0.01,2,96.23813881797601
2024-03-06,2024-03-10,ARI incidence,EE,quantile,0.025,2,109.0536342180049
2024-03-06,2024-03-10,ARI incidence,EE,quantile,0.05,2,119.36067024709793
2024-03-06,2024-03-10,ARI incidence,EE,quantile,0.1,2,136.41488247194258
2024-03-06,2024-03-10,ARI incidence,EE,quantile,0.15,2,149.08136048359904
2024-03-06,2024-03-10,ARI incidence,EE,quantile,0.2,2,156.15968643128943
2024-03-06,2024-03-10,ARI incidence,EE,quantile,0.25,2,164.63410962863063
2024-03-06,2024-03-10,ARI incidence,EE,quantile,0.3,2,171.12163431433936
2024-03-06,2024-03-10,ARI incidence,EE,quantile,0.35,2,179.22163250806798
2024-03-06,2024-03-10,ARI incidence,EE,quantile,0.4,2,183.59243292712296
2024-03-06,2024-03-10,ARI incidence,EE,quantile,0.45,2,189.28218775588846
2024-03-06,2024-03-10,ARI incidence,EE,quantile,0.5,2,238.20203747411014
2024-03-06,2024-03-10,ARI incidence,EE,quantile,0.55,2,300.2982605606666
2024-03-06,2024-03-10,ARI incidence,EE,quantile,0.6,2,308.11979191753767
2024-03-06,2024-03-10,ARI incidence,EE,quantile,0.65,2,316.5264799383459
2024-03-06,2024-03-10,ARI incidence,EE,quantile,0.7,2,325.35463127980347
2024-03-06,2024-03-10,ARI incidence,EE,quantile,0.75,2,337.6974856702471
2024-03-06,2024-03-10,ARI incidence,EE,quantile,0.8,2,352.31323153990655
2024-03-06,2024-03-10,ARI incidence,EE,quantile,0.85,2,374.15029984104814
2024-03-06,2024-03-10,ARI incidence,EE,quantile,0.9,2,402.7646488608449
2024-03-06,2024-03-10,ARI incidence,EE,quantile,0.95,2,473.888465753094
2024-03-06,2024-03-10,ARI incidence,EE,quantile,0.975,2,537.7232250373296
2024-03-06,2024-03-10,ARI incidence,EE,quantile,0.99,2,699.3991889841523
2024-03-06,2024-03-17,ARI incidence,EE,quantile,0.01,3,67.62115565242523
2024-03-06,2024-03-17,ARI incidence,EE,quantile,0.025,3,89.78391726072925
2024-03-06,2024-03-17,ARI incidence,EE,quantile,0.05,3,103.3469455951062
2024-03-06,2024-03-17,ARI incidence,EE,quantile,0.1,3,124.48220220605945
2024-03-06,2024-03-17,ARI incidence,EE,quantile,0.15,3,135.66226939935456
2024-03-06,2024-03-17,ARI incidence,EE,quantile,0.2,3,145.93167477481816
2024-03-06,2024-03-17,ARI incidence,EE,quantile,0.25,3,154.26686455373056
2024-03-06,2024-03-17,ARI incidence,EE,quantile,0.3,3,161.5107653773903
2024-03-06,2024-03-17,ARI incidence,EE,quantile,0.35,3,170.28999686912962
2024-03-06,2024-03-17,ARI incidence,EE,quantile,0.4,3,176.62323587495786
2024-03-06,2024-03-17,ARI incidence,EE,quantile,0.45,3,182.4334087953374
2024-03-06,2024-03-17,ARI incidence,EE,quantile,0.5,3,240.535137999133
2024-03-06,2024-03-17,ARI incidence,EE,quantile,0.55,3,311.33533127017006
2024-03-06,2024-03-17,ARI incidence,EE,quantile,0.6,3,322.91616492461833
2024-03-06,2024-03-17,ARI incidence,EE,quantile,0.65,3,333.3360929145995
2024-03-06,2024-03-17,ARI incidence,EE,quantile,0.7,3,348.1813857713983
2024-03-06,2024-03-17,ARI incidence,EE,quantile,0.75,3,367.7549702567314
2024-03-06,2024-03-17,ARI incidence,EE,quantile,0.8,3,391.3437454843216
2024-03-06,2024-03-17,ARI incidence,EE,quantile,0.85,3,414.89865312364526
2024-03-06,2024-03-17,ARI incidence,EE,quantile,0.9,3,444.70024926544966
2024-03-06,2024-03-17,ARI incidence,EE,quantile,0.95,3,534.2311003805212
2024-03-06,2024-03-17,ARI incidence,EE,quantile,0.975,3,623.700801683445
2024-03-06,2024-03-17,ARI incidence,EE,quantile,0.99,3,711.8639666923559
2024-03-06,2024-03-24,ARI incidence,EE,quantile,0.01,4,59.568195775733344
2024-03-06,2024-03-24,ARI incidence,EE,quantile,0.025,4,72.65256219594431
2024-03-06,2024-03-24,ARI incidence,EE,quantile,0.05,4,91.83949171523531
2024-03-06,2024-03-24,ARI incidence,EE,quantile,0.1,4,111.66896464524831
2024-03-06,2024-03-24,ARI incidence,EE,quantile,0.15,4,122.48213296565675
2024-03-06,2024-03-24,ARI incidence,EE,quantile,0.2,4,132.49753142912192
2024-03-06,2024-03-24,ARI incidence,EE,quantile,0.25,4,141.44421932951207
2024-03-06,2024-03-24,ARI incidence,EE,quantile,0.3,4,149.74742305283948
2024-03-06,2024-03-24,ARI incidence,EE,quantile,0.35,4,158.24818770772123
2024-03-06,2024-03-24,ARI incidence,EE,quantile,0.4,4,164.4459563604836
2024-03-06,2024-03-24,ARI incidence,EE,quantile,0.45,4,169.78950917585857
2024-03-06,2024-03-24,ARI incidence,EE,quantile,0.5,4,240.00830884832138
2024-03-06,2024-03-24,ARI incidence,EE,quantile,0.55,4,328.6454319396947
2024-03-06,2024-03-24,ARI incidence,EE,quantile,0.6,4,340.4520495159193
2024-03-06,2024-03-24,ARI incidence,EE,quantile,0.65,4,356.58807379220656
2024-03-06,2024-03-24,ARI incidence,EE,quantile,0.7,4,374.4588712008092
2024-03-06,2024-03-24,ARI incidence,EE,quantile,0.75,4,396.57064327344546
2024-03-06,2024-03-24,ARI incidence,EE,quantile,0.8,4,429.09481720533694
2024-03-06,2024-03-24,ARI incidence,EE,quantile,0.85,4,455.9141840470112
2024-03-06,2024-03-24,ARI incidence,EE,quantile,0.9,4,514.2454602379462
2024-03-06,2024-03-24,ARI incidence,EE,quantile,0.95,4,656.1487735417347
2024-03-06,2024-03-24,ARI incidence,EE,quantile,0.975,4,778.4700354631279
2024-03-06,2024-03-24,ARI incidence,EE,quantile,0.99,4,990.5701345070084
2024-03-06,2024-03-03,ARI incidence,LV,quantile,0.01,1,852.3476914243145
2024-03-06,2024-03-03,ARI incidence,LV,quantile,0.025,1,889.3807706387553
2024-03-06,2024-03-03,ARI incidence,LV,quantile,0.05,1,946.0058721635753
2024-03-06,2024-03-03,ARI incidence,LV,quantile,0.1,1,1005.2718196983233
2024-03-06,2024-03-03,ARI incidence,LV,quantile,0.15,1,1045.4815184804522
2024-03-06,2024-03-03,ARI incidence,LV,quantile,0.2,1,1078.324330843374
2024-03-06,2024-03-03,ARI incidence,LV,quantile,0.25,1,1094.82044648508
2024-03-06,2024-03-03,ARI incidence,LV,quantile,0.3,1,1109.6542766363239
2024-03-06,2024-03-03,ARI incidence,LV,quantile,0.35,1,1126.1370513029863
2024-03-06,2024-03-03,ARI incidence,LV,quantile,0.4,1,1139.2338865035226
2024-03-06,2024-03-03,ARI incidence,LV,quantile,0.45,1,1152.849685633264
2024-03-06,2024-03-03,ARI incidence,LV,quantile,0.5,1,1269.8206866226308
2024-03-06,2024-03-03,ARI incidence,LV,quantile,0.55,1,1381.3485697941114
2024-03-06,2024-03-03,ARI incidence,LV,quantile,0.6,1,1392.691066776383
2024-03-06,2024-03-03,ARI incidence,LV,quantile,0.65,1,1411.0482484367046
2024-03-06,2024-03-03,ARI incidence,LV,quantile,0.7,1,1427.5777165160202
2024-03-06,2024-03-03,ARI incidence,LV,quantile,0.75,1,1451.3513340441405
2024-03-06,2024-03-03,ARI incidence,LV,quantile,0.8,1,1474.0336598136746
2024-03-06,2024-03-03,ARI incidence,LV,quantile,0.85,1,1505.6717821301374
2024-03-06,2024-03-03,ARI incidence,LV,quantile,0.9,1,1553.591230390101
2024-03-06,2024-03-03,ARI incidence,LV,quantile,0.95,1,1653.7686119942837
2024-03-06,2024-03-03,ARI incidence,LV,quantile,0.975,1,1738.3230447733795
2024-03-06,2024-03-03,ARI incidence,LV,quantile,0.99,1,1867.14550094294
2024-03-06,2024-03-10,ARI incidence,LV,quantile,0.01,2,697.8242470620504
2024-03-06,2024-03-10,ARI incidence,LV,quantile,0.025,2,749.757461073703
2024-03-06,2024-03-10,ARI incidence,LV,quantile,0.05,2,789.9471483932663
2024-03-06,2024-03-10,ARI incidence,LV,quantile,0.1,2,824.1947654283041
2024-03-06,2024-03-10,ARI incidence,LV,quantile,0.15,2,851.7518834788568
2024-03-06,2024-03-10,ARI incidence,LV,quantile,0.2,2,872.1048750057367
2024-03-06,2024-03-10,ARI incidence,LV,quantile,0.25,2,888.629006695035
2024-03-06,2024-03-10,ARI incidence,LV,quantile,0.3,2,909.472946103528
2024-03-06,2024-03-10,ARI incidence,LV,quantile,0.35,2,924.8484198415518
2024-03-06,2024-03-10,ARI incidence,LV,quantile,0.4,2,935.3624422736009
2024-03-06,2024-03-10,ARI incidence,LV,quantile,0.45,2,945.8124280254397
2024-03-06,2024-03-10,ARI incidence,LV,quantile,0.5,2,1056.2583581208648
2024-03-06,2024-03-10,ARI incidence,LV,quantile,0.55,2,1181.85029718356
2024-03-06,2024-03-10,ARI incidence,LV,quantile,0.6,2,1193.312862941226
2024-03-06,2024-03-10,ARI incidence,LV,quantile,0.65,2,1208.5375836612543
2024-03-06,2024-03-10,ARI incidence,LV,quantile,0.7,2,1229.8457890012735
2024-03-06,2024-03-10,ARI incidence,LV,quantile,0.75,2,1246.4472983458259
2024-03-06,2024-03-10,ARI incidence,LV,quantile,0.8,2,1271.1014202268393
2024-03-06,2024-03-10,ARI incidence,LV,quantile,0.85,2,1305.4837811098198
2024-03-06,2024-03-10,ARI incidence,LV,quantile,0.9,2,1353.180435086551
2024-03-06,2024-03-10,ARI incidence,LV,quantile,0.95,2,1439.855415848865
2024-03-06,2024-03-10,ARI incidence,LV,quantile,0.975,2,1523.521339690041
2024-03-06,2024-03-10,ARI incidence,LV,quantile,0.99,2,1692.4195512522906
2024-03-06,2024-03-17,ARI incidence,LV,quantile,0.01,3,515.1628185958251
2024-03-06,2024-03-17,ARI incidence,LV,quantile,0.025,3,549.422709327903
2024-03-06,2024-03-17,ARI incidence,LV,quantile,0.05,3,575.6550685566026
2024-03-06,2024-03-17,ARI incidence,LV,quantile,0.1,3,618.9465325738583
2024-03-06,2024-03-17,ARI incidence,LV,quantile,0.15,3,649.4920290342308
2024-03-06,2024-03-17,ARI incidence,LV,quantile,0.2,3,668.9164886980595
2024-03-06,2024-03-17,ARI incidence,LV,quantile,0.25,3,686.5332462434483
2024-03-06,2024-03-17,ARI incidence,LV,quantile,0.3,3,697.3674520765494
2024-03-06,2024-03-17,ARI incidence,LV,quantile,0.35,3,710.2348225063316
2024-03-06,2024-03-17,ARI incidence,LV,quantile,0.4,3,724.9058927620407
2024-03-06,2024-03-17,ARI incidence,LV,quantile,0.45,3,734.0751449096709
2024-03-06,2024-03-17,ARI incidence,LV,quantile,0.5,3,836.1589518476183
2024-03-06,2024-03-17,ARI incidence,LV,quantile,0.55,3,947.7655467718575
2024-03-06,2024-03-17,ARI incidence,LV,quantile,0.6,3,961.4787350194192
2024-03-06,2024-03-17,ARI incidence,LV,quantile,0.65,3,974.4301535919774
2024-03-06,2024-03-17,ARI incidence,LV,quantile,0.7,3,989.7402565522864
2024-03-06,2024-03-17,ARI incidence,LV,quantile,0.75,3,1006.9834667964477
2024-03-06,2024-03-17,ARI incidence,LV,quantile,0.8,3,1028.589175879944
2024-03-06,2024-03-17,ARI incidence,LV,quantile,0.85,3,1052.8257252420854
2024-03-06,2024-03-17,ARI incidence,LV,quantile,0.9,3,1095.1979960788206
2024-03-06,2024-03-17,ARI incidence,LV,quantile,0.95,3,1156.088874373908
2024-03-06,2024-03-17,ARI incidence,LV,quantile,0.975,3,1244.133306224472
2024-03-06,2024-03-17,ARI incidence,LV,quantile,0.99,3,1323.4023115107002
2024-03-06,2024-03-24,ARI incidence,LV,quantile,0.01,4,360.86563717030447
2024-03-06,2024-03-24,ARI incidence,LV,quantile,0.025,4,383.26553449816055
2024-03-06,2024-03-24,ARI incidence,LV,quantile,0.05,4,411.6584646352097
2024-03-06,2024-03-24,ARI incidence,LV,quantile,0.1,4,450.23656216947734
2024-03-06,2024-03-24,ARI incidence,LV,quantile,0.15,4,469.70104475843766
2024-03-06,2024-03-24,ARI incidence,LV,quantile,0.2,4,482.0788014041109
2024-03-06,2024-03-24,ARI incidence,LV,quantile,0.25,4,495.5905409285105
2024-03-06,2024-03-24,ARI incidence,LV,quantile,0.3,4,509.73997906000557
2024-03-06,2024-03-24,ARI incidence,LV,quantile,0.35,4,521.4666961235396
2024-03-06,2024-03-24,ARI incidence,LV,quantile,0.4,4,532.4970142897853
2024-03-06,2024-03-24,ARI incidence,LV,quantile,0.45,4,543.4873095308992
2024-03-06,2024-03-24,ARI incidence,LV,quantile,0.5,4,621.6093911926084
2024-03-06,2024-03-24,ARI incidence,LV,quantile,0.55,4,712.1199022800259
2024-03-06,2024-03-24,ARI incidence,LV,quantile,0.6,4,723.1662296163242
2024-03-06,2024-03-24,ARI incidence,LV,quantile,0.65,4,736.0029158035055
2024-03-06,2024-03-24,ARI incidence,LV,quantile,0.7,4,746.3555124375242
2024-03-06,2024-03-24,ARI incidence,LV,quantile,0.75,4,757.9341446780716
2024-03-06,2024-03-24,ARI incidence,LV,quantile,0.8,4,775.0199314167154
2024-03-06,2024-03-24,ARI incidence,LV,quantile,0.85,4,801.3990413708972
2024-03-06,2024-03-24,ARI incidence,LV,quantile,0.9,4,831.7430891081077
2024-03-06,2024-03-24,ARI incidence,LV,quantile,0.95,4,877.8828512972232
2024-03-06,2024-03-24,ARI incidence,LV,quantile,0.975,4,934.531966577122
2024-03-06,2024-03-24,ARI incidence,LV,quantile,0.99,4,1003.4662521358902
2024-03-06,2024-03-03,ARI incidence,DE,quantile,0.01,1,620.9080998401123
2024-03-06,2024-03-03,ARI incidence,DE,quantile,0.025,1,673.986413984368
2024-03-06,2024-03-03,ARI incidence,DE,quantile,0.05,1,777.5393496782584
2024-03-06,2024-03-03,ARI incidence,DE,quantile,0.1,1,875.8281524102563
2024-03-06,2024-03-03,ARI incidence,DE,quantile,0.15,1,943.697385496165
2024-03-06,2024-03-03,ARI incidence,DE,quantile,0.2,1,984.8529935057024
2024-03-06,2024-03-03,ARI incidence,DE,quantile,0.25,1,1032.1547033062313
2024-03-06,2024-03-03,ARI incidence,DE,quantile,0.3,1,1066.206753839174
2024-03-06,2024-03-03,ARI incidence,DE,quantile,0.35,1,1092.792454395568
2024-03-06,2024-03-03,ARI incidence,DE,quantile,0.4,1,1123.717277938859
2024-03-06,2024-03-03,ARI incidence,DE,quantile,0.45,1,1155.9323467519403
2024-03-06,2024-03-03,ARI incidence,DE,quantile,0.5,1,1435.917968131808
2024-03-06,2024-03-03,ARI incidence,DE,quantile,0.55,1,1812.014108623863
2024-03-06,2024-03-03,ARI incidence,DE,quantile,0.6,1,1863.4914689811214
2024-03-06,2024-03-03,ARI incidence,DE,quantile,0.65,1,1896.6193337949967
2024-03-06,2024-03-03,ARI incidence,DE,quantile,0.7,1,1945.558825137372
2024-03-06,2024-03-03,ARI incidence,DE,quantile,0.75,1,2016.6485310380615
2024-03-06,2024-03-03,ARI incidence,DE,quantile,0.8,1,2095.506624260148
2024-03-06,2024-03-03,ARI incidence,DE,quantile,0.85,1,2203.88677732837
2024-03-06,2024-03-03,ARI incidence,DE,quantile,0.9,1,2355.360169267998
2024-03-06,2024-03-03,ARI incidence,DE,quantile,0.95,1,2565.536888539977
2024-03-06,2024-03-03,ARI incidence,DE,quantile,0.975,1,2857.747963758156
2024-03-06,2024-03-03,ARI incidence,DE,quantile,0.99,1,3454.3468500115455
2024-03-06,2024-03-10,ARI incidence,DE,quantile,0.01,2,394.0983875036327
2024-03-06,2024-03-10,ARI incidence,DE,quantile,0.025,2,471.70221497649646
2024-03-06,2024-03-10,ARI incidence,DE,quantile,0.05,2,534.1433780897308
2024-03-06,2024-03-10,ARI incidence,DE,quantile,0.1,2,612.8879937502817
2024-03-06,2024-03-10,ARI incidence,DE,quantile,0.15,2,657.328486428731
2024-03-06,2024-03-10,ARI incidence,DE,quantile,0.2,2,700.8881342634377
2024-03-06,2024-03-10,ARI incidence,DE,quantile,0.25,2,730.5925794666639
2024-03-06,2024-03-10,ARI incidence,DE,quantile,0.3,2,762.518259516769
2024-03-06,2024-03-10,ARI incidence,DE,quantile,0.35,2,782.6284256675814
2024-03-06,2024-03-10,ARI incidence,DE,quantile,0.4,2,804.415997590655
2024-03-06,2024-03-10,ARI incidence,DE,quantile,0.45,2,824.6205485384233
2024-03-06,2024-03-10,ARI incidence,DE,quantile,0.5,2,1048.7856402268544
2024-03-06,2024-03-10,ARI incidence,DE,quantile,0.55,2,1312.0911091139806
2024-03-06,2024-03-10,ARI incidence,DE,quantile,0.6,2,1343.780782212281
2024-03-06,2024-03-10,ARI incidence,DE,quantile,0.65,2,1379.1525414178113
2024-03-06,2024-03-10,ARI incidence,DE,quantile,0.7,2,1433.9612145324172
2024-03-06,2024-03-10,ARI incidence,DE,quantile,0.75,2,1481.044181796209
2024-03-06,2024-03-10,ARI incidence,DE,quantile,0.8,2,1546.4105842373974
2024-03-06,2024-03-10,ARI incidence,DE,quantile,0.85,2,1611.6884466054803
2024-03-06,2024-03-10,ARI incidence,DE,quantile,0.9,2,1732.2925848378152
2024-03-06,2024-03-10,ARI incidence,DE,quantile,0.95,2,1932.8407959566741
2024-03-06,2024-03-10,ARI incidence,DE,quantile,0.975,2,2062.3265315934
2024-03-06,2024-03-10,ARI incidence,DE,quantile,0.99,2,2331.7453688206583
2024-03-06,2024-03-17,ARI incidence,DE,quantile,0.01,3,249.48946487027231
2024-03-06,2024-03-17,ARI incidence,DE,quantile,0.025,3,297.14618020020964
2024-03-06,2024-03-17,ARI incidence,DE,quantile,0.05,3,341.4671407826727
2024-03-06,2024-03-17,ARI incidence,DE,quantile,0.1,3,390.7185305680856
2024-03-06,2024-03-17,ARI incidence,DE,quantile,0.15,3,424.74048826643207
2024-03-06,2024-03-17,ARI incidence,DE,quantile,0.2,3,452.51254787278424
2024-03-06,2024-03-17,ARI incidence,DE,quantile,0.25,3,480.55199610207876
2024-03-06,2024-03-17,ARI incidence,DE,quantile,0.3,3,503.5981318943763
2024-03-06,2024-03-17,ARI incidence,DE,quantile,0.35,3,519.7680549814072
2024-03-06,2024-03-17,ARI incidence,DE,quantile,0.4,3,536.6293339676407
2024-03-06,2024-03-17,ARI incidence,DE,quantile,0.45,3,551.4703766615801
2024-03-06,2024-03-17,ARI incidence,DE,quantile,0.5,3,705.0757140514115
2024-03-06,2024-03-17,ARI incidence,DE,quantile,0.55,3,873.9294863740603
2024-03-06,2024-03-17,ARI incidence,DE,quantile,0.6,3,897.9064019328473
2024-03-06,2024-03-17,ARI incidence,DE,quantile,0.65,3,920.8609703848142
2024-03-06,2024-03-17,ARI incidence,DE,quantile,0.7,3,948.7758810366706
2024-03-06,2024-03-17,ARI incidence,DE,quantile,0.75,3,974.5837237808686
2024-03-06,2024-03-17,ARI incidence,DE,quantile,0.8,3,1012.3484927686079
2024-03-06,2024-03-17,ARI incidence,DE,quantile,0.85,3,1051.7053045874427
2024-03-06,2024-03-17,ARI incidence,DE,quantile,0.9,3,1139.1447112862277
2024-03-06,2024-03-17,ARI incidence,DE,quantile,0.95,3,1253.1411344351227
2024-03-06,2024-03-17,ARI incidence,DE,quantile,0.975,3,1363.5326368180915
2024-03-06,2024-03-17,ARI incidence,DE,quantile,0.99,3,1665.828183582117
2024-03-06,2024-03-24,ARI incidence,DE,quantile,0.01,4,167.64019184601676
2024-03-06,2024-03-24,ARI incidence,DE,quantile,0.025,4,194.74224228304627
2024-03-06,2024-03-24,ARI incidence,DE,quantile,0.05,4,218.63463414306636
2024-03-06,2024-03-24,ARI incidence,DE,quantile,0.1,4,249.41744588325227
2024-03-06,2024-03-24,ARI incidence,DE,quantile,0.15,4,274.23932867322014
2024-03-06,2024-03-24,ARI incidence,DE,quantile,0.2,4,289.1446633295192
2024-03-06,2024-03-24,ARI incidence,DE,quantile,0.25,4,304.1320039573876
2024-03-06,2024-03-24,ARI incidence,DE,quantile,0.3,4,316.7300214750141
2024-03-06,2024-03-24,ARI incidence,DE,quantile,0.35,4,327.1923469245842
2024-03-06,2024-03-24,ARI incidence,DE,quantile,0.4,4,334.4529626215823
2024-03-06,2024-03-24,ARI incidence,DE,quantile,0.45,4,343.1061212422322
2024-03-06,2024-03-24,ARI incidence,DE,quantile,0.5,4,441.0308726106769
2024-03-06,2024-03-24,ARI incidence,DE,quantile,0.55,4,546.8805599808941
2024-03-06,2024-03-24,ARI incidence,DE,quantile,0.6,4,563.8433273515332
2024-03-06,2024-03-24,ARI incidence,DE,quantile,0.65,4,581.3651500517452
2024-03-06,2024-03-24,ARI incidence,DE,quantile,0.7,4,603.855827267609
2024-03-06,2024-03-24,ARI incidence,DE,quantile,0.75,4,622.1912355278643
2024-03-06,2024-03-24,ARI incidence,DE,quantile,0.8,4,645.6075971099369
2024-03-06,2024-03-24,ARI incidence,DE,quantile,0.85,4,684.0903979159932
2024-03-06,2024-03-24,ARI incidence,DE,quantile,0.9,4,719.3030307680651
2024-03-06,2024-03-24,ARI incidence,DE,quantile,0.95,4,806.7638980939115
2024-03-06,2024-03-24,ARI incidence,DE,quantile,0.975,4,887.0839815481781
2024-03-06,2024-03-24,ARI incidence,DE,quantile,0.99,4,1025.855481739524
2024-03-06,2024-03-03,ARI incidence,FR,quantile,0.01,1,129.0451440048269
2024-03-06,2024-03-03,ARI incidence,FR,quantile,0.025,1,139.27697701746905
2024-03-06,2024-03-03,ARI incidence,FR,quantile,0.05,1,150.55574144252893
2024-03-06,2024-03-03,ARI incidence,FR,quantile,0.1,1,161.5395334070297
2024-03-06,2024-03-03,ARI incidence,FR,quantile,0.15,1,168.68093522401668
2024-03-06,2024-03-03,ARI incidence,FR,quantile,0.2,1,174.8454489972083
2024-03-06,2024-03-03,ARI incidence,FR,quantile,0.25,1,179.37475229131695
2024-03-06,2024-03-03,ARI incidence,FR,quantile,0.3,1,183.08166585693226
2024-03-06,2024-03-03,ARI incidence,FR,quantile,0.35,1,186.50371831110934
2024-03-06,2024-03-03,ARI incidence,FR,quantile,0.4,1,189.58043526312937
2024-03-06,2024-03-03,ARI incidence,FR,quantile,0.45,1,192.29391846282454
2024-03-06,2024-03-03,ARI incidence,FR,quantile,0.5,1,219.3457676635429
2024-03-06,2024-03-03,ARI incidence,FR,quantile,0.55,1,250.4046554169992
2024-03-06,2024-03-03,ARI incidence,FR,quantile,0.6,1,253.69522159180437
2024-03-06,2024-03-03,ARI incidence,FR,quantile,0.65,1,258.44267433763457
2024-03-06,2024-03-03,ARI incidence,FR,quantile,0.7,1,263.0347764705357
2024-03-06,2024-03-03,ARI incidence,FR,quantile,0.75,1,269.08295161763607
2024-03-06,2024-03-03,ARI incidence,FR,quantile,0.8,1,277.36864048052973
2024-03-06,2024-03-03,ARI incidence,FR,quantile,0.85,1,286.0965168486534
2024-03-06,2024-03-03,ARI incidence,FR,quantile,0.9,1,300.7981472847161
2024-03-06,2024-03-03,ARI incidence,FR,quantile,0.95,1,334.84023169602517
2024-03-06,2024-03-03,ARI incidence,FR,quantile,0.975,1,366.5428947139076
2024-03-06,2024-03-03,ARI incidence,FR,quantile,0.99,1,415.98776770048613
2024-03-06,2024-03-10,ARI incidence,FR,quantile,0.01,2,89.89518567753198
2024-03-06,2024-03-10,ARI incidence,FR,quantile,0.025,2,96.61742752153957
2024-03-06,2024-03-10,ARI incidence,FR,quantile,0.05,2,105.06834590167573
2024-03-06,2024-03-10,ARI incidence,FR,quantile,0.1,2,118.0405869708673
2024-03-06,2024-03-10,ARI incidence,FR,quantile,0.15,2,125.32556219720965
2024-03-06,2024-03-10,ARI incidence,FR,quantile,0.2,2,130.2665639859809
2024-03-06,2024-03-10,ARI incidence,FR,quantile,0.25,2,134.64326726404778
2024-03-06,2024-03-10,ARI incidence,FR,quantile,0.3,2,138.52416576798336
2024-03-06,2024-03-10,ARI incidence,FR,quantile,0.35,2,141.74759413425838
2024-03-06,2024-03-10,ARI incidence,FR,quantile,0.4,2,145.17479911499893
2024-03-06,2024-03-10,ARI incidence,FR,quantile,0.45,2,148.3661888386574
2024-03-06,2024-03-10,ARI incidence,FR,quantile,0.5,2,176.23887813581993
2024-03-06,2024-03-10,ARI incidence,FR,quantile,0.55,2,211.21573933998815
2024-03-06,2024-03-10,ARI incidence,FR,quantile,0.6,2,215.27891331370716
2024-03-06,2024-03-10,ARI incidence,FR,quantile,0.65,2,220.29321269840403
2024-03-06,2024-03-10,ARI incidence,FR,quantile,0.7,2,225.52391819876723
2024-03-06,2024-03-10,ARI incidence,FR,quantile,0.75,2,233.0309556977553
2024-03-06,2024-03-10,ARI incidence,FR,quantile,0.8,2,240.76633147918827
2024-03-06,2024-03-10,ARI incidence,FR,quantile,0.85,2,251.38545628171863
2024-03-06,2024-03-10,ARI incidence,FR,quantile,0.9,2,269.391754544234
2024-03-06,2024-03-10,ARI incidence,FR,quantile,0.95,2,303.7244724463644
2024-03-06,2024-03-10,ARI incidence,FR,quantile,0.975,2,347.94116970690015
2024-03-06,2024-03-10,ARI incidence,FR,quantile,0.99,2,410.0952685890436
2024-03-06,2024-03-17,ARI incidence,FR,quantile,0.01,3,61.543295913645075
2024-03-06,2024-03-17,ARI incidence,FR,quantile,0.025,3,68.15459959925276
2024-03-06,2024-03-17,ARI incidence,FR,quantile,0.05,3,75.39064519364264
2024-03-06,2024-03-17,ARI incidence,FR,quantile,0.1,3,83.97889971413628
2024-03-06,2024-03-17,ARI incidence,FR,quantile,0.15,3,89.89403894981561
2024-03-06,2024-03-17,ARI incidence,FR,quantile,0.2,3,95.33026440069965
2024-03-06,2024-03-17,ARI incidence,FR,quantile,0.25,3,99.51620797351394
2024-03-06,2024-03-17,ARI incidence,FR,quantile,0.3,3,103.6292413584149
2024-03-06,2024-03-17,ARI incidence,FR,quantile,0.35,3,106.630917378454
2024-03-06,2024-03-17,ARI incidence,FR,quantile,0.4,3,109.91137220413836
2024-03-06,2024-03-17,ARI incidence,FR,quantile,0.45,3,112.52819710476665
2024-03-06,2024-03-17,ARI incidence,FR,quantile,0.5,3,141.55656324339722
2024-03-06,2024-03-17,ARI incidence,FR,quantile,0.55,3,179.30501884910439
2024-03-06,2024-03-17,ARI incidence,FR,quantile,0.6,3,183.8210727891926
2024-03-06,2024-03-17,ARI incidence,FR,quantile,0.65,3,189.03442241060512
2024-03-06,2024-03-17,ARI incidence,FR,quantile,0.7,3,193.79403976802135
2024-03-06,2024-03-17,ARI incidence,FR,quantile,0.75,3,202.03637767433952
2024-03-06,2024-03-17,ARI incidence,FR,quantile,0.8,3,208.99205609023372
2024-03-06,2024-03-17,ARI incidence,FR,quantile,0.85,3,220.81075106202482
2024-03-06,2024-03-17,ARI incidence,FR,quantile,0.9,3,246.1125620488169
2024-03-06,2024-03-17,ARI incidence,FR,quantile,0.95,3,272.34163411302967
2024-03-06,2024-03-17,ARI incidence,FR,quantile,0.975,3,299.93176737642705
2024-03-06,2024-03-17,ARI incidence,FR,quantile,0.99,3,360.93279667302676
2024-03-06,2024-03-24,ARI incidence,FR,quantile,0.01,4,43.86015791866316
2024-03-06,2024-03-24,ARI incidence,FR,quantile,0.025,4,47.501994686373685
2024-03-06,2024-03-24,ARI incidence,FR,quantile,0.05,4,52.78279204272621
2024-03-06,2024-03-24,ARI incidence,FR,quantile,0.1,4,60.11239667208459
2024-03-06,2024-03-24,ARI incidence,FR,quantile,0.15,4,66.16126915360708
2024-03-06,2024-03-24,ARI incidence,FR,quantile,0.2,4,70.24156656146938
2024-03-06,2024-03-24,ARI incidence,FR,quantile,0.25,4,73.82079044623329
2024-03-06,2024-03-24,ARI incidence,FR,quantile,0.3,4,78.24200690491246
2024-03-06,2024-03-24,ARI incidence,FR,quantile,0.35,4,80.52628076778939
2024-03-06,2024-03-24,ARI incidence,FR,quantile,0.4,4,83.97115155389045
2024-03-06,2024-03-24,ARI incidence,FR,quantile,0.45,4,86.4408776322515
2024-03-06,2024-03-24,ARI incidence,FR,quantile,0.5,4,113.10841808477629
2024-03-06,2024-03-24,ARI incidence,FR,quantile,0.55,4,147.8619385698582
2024-03-06,2024-03-24,ARI incidence,FR,quantile,0.6,4,153.6094463586188
2024-03-06,2024-03-24,ARI incidence,FR,quantile,0.65,4,159.93310734325996
2024-03-06,2024-03-24,ARI incidence,FR,quantile,0.7,4,166.8656962416216
2024-03-06,2024-03-24,ARI incidence,FR,quantile,0.75,4,174.57263627495234
2024-03-06,2024-03-24,ARI incidence,FR,quantile,0.8,4,183.65402245429237
2024-03-06,2024-03-24,ARI incidence,FR,quantile,0.85,4,193.63880537749597
2024-03-06,2024-03-24,ARI incidence,FR,quantile,0.9,4,211.41932225044758
2024-03-06,2024-03-24,ARI incidence,FR,quantile,0.95,4,253.12821122501387
2024-03-06,2024-03-24,ARI incidence,FR,quantile,0.975,4,299.1490288579918
2024-03-06,2024-03-24,ARI incidence,FR,quantile,0.99,4,382.5451971881988
2024-03-06,2024-03-03,ARI incidence,BG,quantile,0.01,1,229.34289727476465
2024-03-06,2024-03-03,ARI incidence,BG,quantile,0.025,1,302.39215441954707
2024-03-06,2024-03-03,ARI incidence,BG,quantile,0.05,1,359.04245276990656
2024-03-06,2024-03-03,ARI incidence,BG,quantile,0.1,1,442.948045444987
2024-03-06,2024-03-03,ARI incidence,BG,quantile,0.15,1,490.1505461043088
2024-03-06,2024-03-03,ARI incidence,BG,quantile,0.2,1,528.347640906065
2024-03-06,2024-03-03,ARI incidence,BG,quantile,0.25,1,556.9108684109939
2024-03-06,2024-03-03,ARI incidence,BG,quantile,0.3,1,586.9713662657294
2024-03-06,2024-03-03,ARI incidence,BG,quantile,0.35,1,616.6176096420144
2024-03-06,2024-03-03,ARI incidence,BG,quantile,0.4,1,637.5815729151782
2024-03-06,2024-03-03,ARI incidence,BG,quantile,0.45,1,662.1177095568545
2024-03-06,2024-03-03,ARI incidence,BG,quantile,0.5,1,932.8095936835232
2024-03-06,2024-03-03,ARI incidence,BG,quantile,0.55,1,1271.35861236876
2024-03-06,2024-03-03,ARI incidence,BG,quantile,0.6,1,1322.1260251436859
2024-03-06,2024-03-03,ARI incidence,BG,quantile,0.65,1,1366.0566052422762
2024-03-06,2024-03-03,ARI incidence,BG,quantile,0.7,1,1430.323050237414
2024-03-06,2024-03-03,ARI incidence,BG,quantile,0.75,1,1487.3950458504555
2024-03-06,2024-03-03,ARI incidence,BG,quantile,0.8,1,1578.4366348217156
2024-03-06,2024-03-03,ARI incidence,BG,quantile,0.85,1,1672.5097968824248
2024-03-06,2024-03-03,ARI incidence,BG,quantile,0.9,1,1827.739409317407
2024-03-06,2024-03-03,ARI incidence,BG,quantile,0.95,1,2041.0713891531984
2024-03-06,2024-03-03,ARI incidence,BG,quantile,0.975,1,2382.1743720178033
2024-03-06,2024-03-03,ARI incidence,BG,quantile,0.99,1,2668.877718177414
2024-03-06,2024-03-10,ARI incidence,BG,quantile,0.01,2,168.10599221826047
2024-03-06,2024-03-10,ARI incidence,BG,quantile,0.025,2,203.56904376850892
2024-03-06,2024-03-10,ARI incidence,BG,quantile,0.05,2,239.39915165330015
2024-03-06,2024-03-10,ARI incidence,BG,quantile,0.1,2,297.48046142067284
2024-03-06,2024-03-10,ARI incidence,BG,quantile,0.15,2,335.8311317214514
2024-03-06,2024-03-10,ARI incidence,BG,quantile,0.2,2,380.06123850253215
2024-03-06,2024-03-10,ARI incidence,BG,quantile,0.25,2,403.99977402980943
2024-03-06,2024-03-10,ARI incidence,BG,quantile,0.3,2,428.7537482587516
2024-03-06,2024-03-10,ARI incidence,BG,quantile,0.35,2,452.63274151217627
2024-03-06,2024-03-10,ARI incidence,BG,quantile,0.4,2,474.93822126025145
2024-03-06,2024-03-10,ARI incidence,BG,quantile,0.45,2,503.6593810159481
2024-03-06,2024-03-10,ARI incidence,BG,quantile,0.5,2,746.1808714200571
2024-03-06,2024-03-10,ARI incidence,BG,quantile,0.55,2,1074.1509707423788
2024-03-06,2024-03-10,ARI incidence,BG,quantile,0.6,2,1123.312920499156
2024-03-06,2024-03-10,ARI incidence,BG,quantile,0.65,2,1171.9295501624779
2024-03-06,2024-03-10,ARI incidence,BG,quantile,0.7,2,1243.0473503397686
2024-03-06,2024-03-10,ARI incidence,BG,quantile,0.75,2,1307.408554685367
2024-03-06,2024-03-10,ARI incidence,BG,quantile,0.8,2,1359.955700548255
2024-03-06,2024-03-10,ARI incidence,BG,quantile,0.85,2,1460.7774710624547
2024-03-06,2024-03-10,ARI incidence,BG,quantile,0.9,2,1603.481422229658
2024-03-06,2024-03-10,ARI incidence,BG,quantile,0.95,2,1832.1618754015474
2024-03-06,2024-03-10,ARI incidence,BG,quantile,0.975,2,2046.501354078442
2024-03-06,2024-03-10,ARI incidence,BG,quantile,0.99,2,2429.585960454636
2024-03-06,2024-03-17,ARI incidence,BG,quantile,0.01,3,98.4087109475296
2024-03-06,2024-03-17,ARI incidence,BG,quantile,0.025,3,127.14326771484318
2024-03-06,2024-03-17,ARI incidence,BG,quantile,0.05,3,158.3261737379652
2024-03-06,2024-03-17,ARI incidence,BG,quantile,0.1,3,201.06264079569388
2024-03-06,2024-03-17,ARI incidence,BG,quantile,0.15,3,231.41794551852897
2024-03-06,2024-03-17,ARI incidence,BG,quantile,0.2,3,257.6873432295497
2024-03-06,2024-03-17,ARI incidence,BG,quantile,0.25,3,281.9453738848168
2024-03-06,2024-03-17,ARI incidence,BG,quantile,0.3,3,298.92617687482647
2024-03-06,2024-03-17,ARI incidence,BG,quantile,0.35,3,320.01031388363174
2024-03-06,2024-03-17,ARI incidence,BG,quantile,0.4,3,341.48801080009713
2024-03-06,2024-03-17,ARI incidence,BG,quantile,0.45,3,359.72718891921187
2024-03-06,2024-03-17,ARI incidence,BG,quantile,0.5,3,582.6865009242123
2024-03-06,2024-03-17,ARI incidence,BG,quantile,0.55,3,868.3220435373106
2024-03-06,2024-03-17,ARI incidence,BG,quantile,0.6,3,896.5352786520326
2024-03-06,2024-03-17,ARI incidence,BG,quantile,0.65,3,930.6882186462004
2024-03-06,2024-03-17,ARI incidence,BG,quantile,0.7,3,968.9604674155634
2024-03-06,2024-03-17,ARI incidence,BG,quantile,0.75,3,1021.4440773154975
2024-03-06,2024-03-17,ARI incidence,BG,quantile,0.8,3,1076.1147765915796
2024-03-06,2024-03-17,ARI incidence,BG,quantile,0.85,3,1166.2189378123066
2024-03-06,2024-03-17,ARI incidence,BG,quantile,0.9,3,1298.5269531898975
2024-03-06,2024-03-17,ARI incidence,BG,quantile,0.95,3,1468.7303583108815
2024-03-06,2024-03-17,ARI incidence,BG,quantile,0.975,3,1656.0278419672534
2024-03-06,2024-03-17,ARI incidence,BG,quantile,0.99,3,1896.941473139754
2024-03-06,2024-03-24,ARI incidence,BG,quantile,0.01,4,59.091350046994826
2024-03-06,2024-03-24,ARI incidence,BG,quantile,0.025,4,83.3907698438424
2024-03-06,2024-03-24,ARI incidence,BG,quantile,0.05,4,104.90804058866105
2024-03-06,2024-03-24,ARI incidence,BG,quantile,0.1,4,131.27546521395138
2024-03-06,2024-03-24,ARI incidence,BG,quantile,0.15,4,154.2213874685878
2024-03-06,2024-03-24,ARI incidence,BG,quantile,0.2,4,176.8884776115241
2024-03-06,2024-03-24,ARI incidence,BG,quantile,0.25,4,195.8523287709429
2024-03-06,2024-03-24,ARI incidence,BG,quantile,0.3,4,213.00231895372895
2024-03-06,2024-03-24,ARI incidence,BG,quantile,0.35,4,228.49093447096834
2024-03-06,2024-03-24,ARI incidence,BG,quantile,0.4,4,245.77888845902274
2024-03-06,2024-03-24,ARI incidence,BG,quantile,0.45,4,260.9305818412911
2024-03-06,2024-03-24,ARI incidence,BG,quantile,0.5,4,428.871380555875
2024-03-06,2024-03-24,ARI incidence,BG,quantile,0.55,4,646.9151874042241
2024-03-06,2024-03-24,ARI incidence,BG,quantile,0.6,4,673.4841117977351
2024-03-06,2024-03-24,ARI incidence,BG,quantile,0.65,4,701.3121374456423
2024-03-06,2024-03-24,ARI incidence,BG,quantile,0.7,4,730.2888933037306
2024-03-06,2024-03-24,ARI incidence,BG,quantile,0.75,4,769.1391378046386
2024-03-06,2024-03-24,ARI incidence,BG,quantile,0.8,4,814.9638157245046
2024-03-06,2024-03-24,ARI incidence,BG,quantile,0.85,4,884.504108707346
2024-03-06,2024-03-24,ARI incidence,BG,quantile,0.9,4,958.7859998396715
2024-03-06,2024-03-24,ARI incidence,BG,quantile,0.95,4,1119.966935158754
2024-03-06,2024-03-24,ARI incidence,BG,quantile,0.975,4,1231.1634022978105
2024-03-06,2024-03-24,ARI incidence,BG,quantile,0.99,4,1424.2012331350124
